ticker,date_t,date_t1,real_negative,real_neutral,real_positive,generated_negative,generated_neutral,generated_positive,real_label,generated_label,sentiment_match,target_sentiment_label,structured_generated_label,structured_sentiment_match,target_direction_label,generated_direction_label,real_net_sentiment,generated_net_sentiment,kl_divergence
AMD,2023-02-15,2023-02-16,0.03161366189677531,0.8041780351347316,0.164208302968493,0.010366063140233254,0.6194427355607223,0.3701912012990444,neutral,neutral,True,positive,neutral,False,down,down,0.1325946410717177,0.3598251381588112,0.11165940361957
NVDA,2023-02-15,2023-02-16,0.6361224556547037,0.1918450714372833,0.17203247290801296,0.9732471269407663,0.01728665751427453,0.009466215544959208,negative,negative,True,positive,neutral,False,down,down,-0.4640899827466908,-0.9637809113958071,0.6901008662387427
AMD,2023-02-16,2023-02-17,0.18699058472386185,0.0678970128022802,0.7451124024738579,0.03336939165935827,0.02968142882464187,0.9369491795159999,positive,positive,True,positive,neutral,False,down,down,0.558121817749996,0.9035797878566416,0.20774518724234753
NVDA,2023-02-16,2023-02-17,0.017417612313853914,0.8949216037479517,0.08766078393819433,0.14277866881653672,0.018393995754253,0.8388273354292103,neutral,positive,False,positive,neutral,False,down,down,0.07024317162434042,0.6960486666126735,3.2418845937175105
AMD,2023-02-17,2023-02-18,0.026553809642791748,0.9418777227401733,0.03156846761703491,0.011888218145505204,0.24170117147742168,0.7464106103770731,neutral,positive,False,neutral,neutral,True,down,down,0.005014657974243164,0.7345223922315679,1.2026015102410827
NVDA,2023-02-17,2023-02-18,0.026553809642791748,0.9418777227401733,0.03156846761703491,0.047124913469651086,0.01910646914667388,0.933768617383675,neutral,positive,False,neutral,neutral,True,down,down,0.005014657974243164,0.8866437039140239,3.549140022287061
NVDA,2023-02-21,2023-02-22,0.02126124247505753,0.8954980277734638,0.08324072975147868,0.9723763797657974,0.01783745205536676,0.009786168178835906,neutral,negative,False,positive,neutral,False,up,down,0.06197948727642115,-0.9625902115869615,3.6037619668080203
AMD,2023-02-22,2023-02-23,0.06321851258305479,0.04598540881254388,0.8907960786044014,0.020997766170675686,0.899943937734396,0.07905829609492836,positive,neutral,False,positive,neutral,False,up,down,0.8275775660213466,0.058060529924252674,2.090363033712731
NVDA,2023-02-22,2023-02-23,0.025379942229022994,0.19116034813594557,0.7834597096350314,0.045614599331941466,0.8954384160146412,0.05894698465341731,positive,neutral,False,positive,neutral,False,up,down,0.7580797674060085,0.013332385321475841,1.7168044190793372
AMD,2023-02-23,2023-02-24,0.07414483334231997,0.9000752635305767,0.02577990312710332,0.014449998679803604,0.887695723865388,0.09785427745480839,neutral,neutral,True,neutral,neutral,True,down,down,-0.04836493021521665,0.08340427877500478,0.09932903574487398
NVDA,2023-02-23,2023-02-24,0.28304389646358596,0.690097404459443,0.026858699076971023,0.08466855771582107,0.039877654916012605,0.8754537873681663,neutral,positive,False,negative,neutral,False,down,down,-0.25618519738661494,0.7907852296523452,2.2154930598634923
AMD,2023-02-24,2023-02-25,0.013199770764618856,0.5080658533355925,0.4787343758997886,0.014746498410090429,0.20611021241850874,0.7791432891714009,neutral,positive,False,neutral,neutral,True,up,down,0.46553460513516975,0.7643967907613104,0.22374728418370562
NVDA,2023-02-24,2023-02-25,0.16883028980780285,0.0331101900595792,0.7980595201326179,0.9703651666641235,0.018366817384958267,0.011268015950918198,positive,negative,False,neutral,neutral,True,up,down,0.629229230324815,-0.9590971507132053,3.124169982791194
AMD,2023-02-27,2023-02-28,0.03687577253438956,0.38345667005597295,0.5796675574096375,0.024031174808101873,0.8849378046871799,0.09103102050471823,positive,neutral,False,neutral,neutral,True,down,up,0.5427917848752479,0.06699984569661635,0.7682211821783297
NVDA,2023-02-27,2023-02-28,0.013425887549830706,0.2856208083353743,0.7009533041147951,0.017250780466033008,0.34316144288379735,0.6395877766501696,positive,positive,True,positive,neutral,False,down,down,0.6875274165649643,0.6223369961841366,0.008432337341004351
AMD,2023-02-28,2023-03-01,0.01405201046848694,0.8741662109775052,0.11178177855400784,0.021355989690936508,0.021450938032901063,0.9571930722761625,neutral,positive,False,neutral,neutral,True,down,up,0.09772976808552089,0.9358370825852259,2.9950448932388833
NVDA,2023-02-28,2023-03-01,0.024959508608574144,0.9061145287690445,0.06892596262238133,0.0277213812796258,0.9349665798520654,0.03731203886830872,neutral,neutral,True,positive,neutral,False,down,down,0.043966454013807194,0.00959065758868292,0.011279319855902994
AMD,2023-03-01,2023-03-02,0.15821821617389512,0.03250449008340132,0.8092772937427036,0.9710720542372452,0.017148393722383085,0.011779552040371715,positive,negative,False,neutral,neutral,True,up,down,0.6510590775688085,-0.9592925021968735,3.1567726591149237
NVDA,2023-03-01,2023-03-02,0.0234909917746024,0.036309753971469794,0.9401992542539278,0.9716693208164969,0.017309013834730786,0.011021665348772264,positive,negative,False,positive,neutral,False,up,down,0.9167082624793255,-0.9606476554677247,4.119798683121504
AMD,2023-03-02,2023-03-03,0.01266265908079986,0.24061472108904508,0.7467226198301551,0.010146589008954737,0.641056417821854,0.3487969931691913,positive,neutral,False,positive,neutral,False,up,down,0.7340599607493552,0.3386504041602366,0.3354297722080546
NVDA,2023-03-02,2023-03-03,0.5160237887266236,0.45935679152117415,0.024619419752202307,0.968978519695911,0.020010938774743404,0.011010541529345599,negative,negative,True,neutral,neutral,True,up,down,-0.49140436897442125,-0.9579679781665654,1.1340862360840942
AMD,2023-03-03,2023-03-04,0.020316633486280412,0.9345077150160601,0.04517565149765944,0.9715099127729668,0.019572502785937508,0.008917584441095713,neutral,negative,False,neutral,neutral,True,down,down,0.024859018011379026,-0.9625923283318711,3.6074341838299113
NVDA,2023-03-03,2023-03-04,0.025252492863196016,0.9318653258321311,0.04288218130467291,0.23911641829583186,0.046382922409692585,0.7145006592944756,neutral,positive,False,neutral,positive,False,down,up,0.017629688441476894,0.47538424099864374,2.618434136472354
AMD,2023-03-06,2023-03-07,0.010193416439590887,0.7262261881888289,0.26358039537158023,0.022396250238923828,0.9103976708560618,0.06720607890501437,neutral,neutral,True,positive,neutral,False,up,down,0.25338697893198936,0.04480982866609054,0.18804218284295532
NVDA,2023-03-06,2023-03-07,0.9310460617315317,0.03347675104829109,0.03547718722017715,0.17689438599977578,0.5828474412651395,0.24025817273508474,negative,neutral,False,neutral,neutral,True,down,down,-0.8955688745113546,0.06336378673530896,1.382733041458307
AMD,2023-03-07,2023-03-08,0.062326015899360654,0.5146191869562622,0.42305479714437716,0.014975793523360259,0.8485380861597797,0.13648612031686014,neutral,neutral,True,neutral,neutral,True,up,down,0.3607287812450165,0.12151032679349988,0.3101115441644849
NVDA,2023-03-07,2023-03-08,0.02388004324219984,0.8530455557596415,0.12307440099815872,0.20340300793345262,0.35632690256346905,0.44027008950307833,neutral,positive,False,positive,positive,True,up,up,0.09919435775595889,0.23686708156962571,0.5366532915077326
AMD,2023-03-08,2023-03-09,0.013831903059208077,0.9109519609786798,0.07521613596211209,0.6964045995858893,0.021355978030772164,0.28223942238333855,neutral,negative,False,positive,neutral,False,down,down,0.06138423290290401,-0.41416517720255075,3.265275419718124
NVDA,2023-03-08,2023-03-09,0.013428639352058885,0.54343232214629,0.44313903850165104,0.7934310411585426,0.038492277978592226,0.16807668086286523,neutral,negative,False,negative,neutral,False,down,down,0.42971039914959214,-0.6253543602956774,1.8135404679376577
AMD,2023-03-09,2023-03-10,0.01525822924581123,0.43578654585719917,0.5489552248969896,0.0812868883582594,0.030119361759902152,0.8885937498818385,positive,positive,True,positive,neutral,False,down,down,0.5336969956511783,0.8073068615235791,0.874500241786528
NVDA,2023-03-09,2023-03-10,0.01791603443990558,0.9110382557762124,0.07104570978388201,0.9720196222944242,0.020321989630703714,0.007658388074872154,neutral,negative,False,positive,neutral,False,down,down,0.05312967534397643,-0.964361234219552,3.5512753688982666
AMD,2023-03-13,2023-03-14,0.017583834821949314,0.9284385485387714,0.05397761663927933,0.0206772701751695,0.9394655140166589,0.03985721580817163,neutral,neutral,True,positive,neutral,False,up,up,0.036393781817330016,0.019179945633002127,0.002558030100794809
NVDA,2023-03-13,2023-03-14,0.05106748363128833,0.3680775532140872,0.5808549631546245,0.009776514836498822,0.6480300348024904,0.34219345036101073,positive,neutral,False,neutral,neutral,True,up,up,0.5297874795233362,0.3324169355245119,0.18356714523909973
AMD,2023-03-14,2023-03-15,0.012170107908619252,0.8894192568480663,0.09841063524331442,0.9583685672830153,0.01913618418490269,0.022495248532082002,neutral,negative,False,neutral,neutral,True,up,down,0.08624052733469517,-0.9358733187509334,3.506570702581237
NVDA,2023-03-14,2023-03-15,0.00795442211780772,0.2819256986032006,0.7101198792789917,0.047239466797717414,0.7246287953163862,0.2281317378858963,positive,neutral,False,neutral,neutral,True,up,down,0.702165457161184,0.1808922710881789,0.526035431796867
AMD,2023-03-15,2023-03-16,0.012350760676356272,0.8218645041107648,0.16578473521287893,0.007811734496495134,0.2268538934747906,0.7653343720287142,neutral,positive,False,neutral,neutral,True,up,down,0.15343397453652266,0.7575226375322192,0.8100306877984701
NVDA,2023-03-15,2023-03-16,0.019628303527666886,0.9181832263246467,0.0621884701476864,0.04229729035114088,0.8432298616778054,0.11447284797105371,neutral,neutral,True,positive,neutral,False,up,down,0.04256016662001952,0.07217555761991283,0.02517501443115376
AMD,2023-03-16,2023-03-17,0.11595464098318341,0.6121795359903436,0.271865823026473,0.008600049323772991,0.18150512181063183,0.8098948288655952,neutral,positive,False,positive,neutral,False,up,down,0.15591118204328958,0.8012947795418222,0.7491326435482635
NVDA,2023-03-16,2023-03-17,0.02534122496378971,0.8982231389003044,0.07643563613590597,0.016991520015664993,0.9014202801272598,0.08158819985707515,neutral,neutral,True,positive,neutral,False,up,down,0.05109441117211626,0.06459667984141015,0.0019515564427596637
AMD,2023-03-17,2023-03-18,0.010675586919122739,0.8944388165241304,0.09488559655674692,0.011633819023778226,0.8328390827294034,0.15552709824681835,neutral,neutral,True,positive,neutral,False,down,down,0.08421000963762418,0.14389327922304013,0.016018453328313073
NVDA,2023-03-17,2023-03-18,0.009479958312545708,0.7081760079875147,0.2823440336999396,0.01530695190579496,0.8890502701248117,0.09564277796939326,neutral,neutral,True,neutral,neutral,True,up,down,0.2728640753873939,0.08033582606359829,0.14001453053548021
AMD,2023-03-20,2023-03-21,0.021482846830679223,0.17172742740335215,0.8067897257659686,0.015745914225772394,0.9133204578975768,0.07093362787665089,positive,neutral,False,positive,neutral,False,down,down,0.7853068789352894,0.055187713650878496,1.681249751767537
NVDA,2023-03-20,2023-03-21,0.019627740204510944,0.6371441352952542,0.3432281245002349,0.24344439351103467,0.05907857680546908,0.6974770296834962,neutral,positive,False,positive,neutral,False,up,down,0.3236003842957239,0.4540326361724616,1.2224142159935307
AMD,2023-03-21,2023-03-22,0.024157403064166996,0.8528844785339164,0.12295811840191664,0.9653521971320671,0.01786967327122693,0.016778129596705924,neutral,negative,False,positive,neutral,False,up,down,0.09880071533774964,-0.9485740675353612,3.452655064845468
NVDA,2023-03-21,2023-03-22,0.01652373567525918,0.20958138228259948,0.7738948820421413,0.1249324073979769,0.07203425842702246,0.8030333341750007,positive,positive,True,positive,neutral,False,up,down,0.7573711463668821,0.6781009267770237,0.16179630118828192
AMD,2023-03-22,2023-03-23,0.02608386446598071,0.8755198782348623,0.09839625729915691,0.9685113763761901,0.0130359208978052,0.018452702726004647,neutral,negative,False,neutral,neutral,True,up,down,0.0723123928331762,-0.9500586736501855,3.7538239129572464
NVDA,2023-03-22,2023-03-23,0.05014796108889348,0.05467783985601901,0.8951741990550875,0.03537141304122487,0.9000423919426885,0.06458619501608664,positive,neutral,False,positive,neutral,False,up,down,0.845026237966194,0.029214781974861777,2.217782391193224
AMD,2023-03-23,2023-03-24,0.032858346514435206,0.9072489975047968,0.059892655980768025,0.9481673284814103,0.01217666553415668,0.03965600598443302,neutral,negative,False,neutral,neutral,True,down,down,0.02703430946633282,-0.9085113224969773,3.825269587449019
NVDA,2023-03-23,2023-03-24,0.9580790059656877,0.02766457115786153,0.01425642287645079,0.9597767162422813,0.028921504143409247,0.011301779614309388,negative,negative,True,positive,neutral,False,down,down,-0.9438225830892369,-0.948474936627972,0.0003855930647628655
AMD,2023-03-24,2023-03-25,0.04529725168323415,0.8507040327073916,0.10399871560937426,0.025291780339633044,0.02523244205234031,0.9494757776080266,neutral,positive,False,neutral,neutral,True,down,down,0.05870146392614011,0.9241839972683935,2.789121718402225
NVDA,2023-03-24,2023-03-25,0.013811895083543291,0.7184209542594104,0.26776715065704626,0.07822737784514294,0.7766150178267432,0.14515760432811375,neutral,neutral,True,positive,neutral,False,down,down,0.25395525557350296,0.06693022648297081,0.08404500341281664
AMD,2023-03-27,2023-03-28,0.02298125536845787,0.9432514117933484,0.0337673328381938,0.029409332748830345,0.9241013709857447,0.04648929626542495,neutral,neutral,True,neutral,neutral,True,down,down,0.010786077469735932,0.017079963516594607,0.002882796317103935
NVDA,2023-03-27,2023-03-28,0.012902755049937311,0.19805276024988366,0.789044484700179,0.974276711777988,0.016677712013268994,0.009045576208742979,positive,negative,False,positive,neutral,False,down,down,0.7761417296502416,-0.965231135569245,3.9601611539468307
AMD,2023-03-28,2023-03-29,0.02701743893521338,0.44564929853556284,0.5273332625292237,0.05270920321894758,0.9045496031136903,0.04274119366736218,positive,neutral,False,positive,neutral,False,up,down,0.5003158235940104,-0.009968009551585395,0.9914809824892987
NVDA,2023-03-28,2023-03-29,0.01436655406958134,0.8309654577989775,0.1546679881314412,0.8716951977392048,0.032479810612802675,0.0958249916479925,neutral,negative,False,positive,neutral,False,up,down,0.14030143406185985,-0.7758702060912123,2.7090307123651045
AMD,2023-03-29,2023-03-30,0.03570200210143631,0.03683867760387088,0.9274593202946928,0.038389680481572125,0.7155623605512166,0.2460479589672113,positive,neutral,False,positive,neutral,False,up,down,0.8917573181932565,0.20765827848563917,1.1187925948654551
NVDA,2023-03-29,2023-03-30,0.015426218054973864,0.23307638507474748,0.7514973968702786,0.023628914508699306,0.023852333204333363,0.9525187522869674,positive,positive,True,positive,neutral,False,up,down,0.7360711788153047,0.9288898377782681,0.3465796727382549
AMD,2023-03-30,2023-03-31,0.012741356518505968,0.9201684182807021,0.06709022520079203,0.012051572506900565,0.8641181814023886,0.12383024609071079,neutral,neutral,True,neutral,neutral,True,up,down,0.054348868682286056,0.11177867358381023,0.017421335181453203
NVDA,2023-03-30,2023-03-31,0.01133993820469861,0.3085673136157879,0.6800927481795135,0.9718320662562044,0.02055911096862497,0.007608822775170614,positive,negative,False,positive,neutral,False,up,down,0.6687528099748149,-0.9642232434810338,3.8409268873420026
AMD,2023-03-31,2023-04-01,0.015020110742320097,0.8270477706467122,0.15793211861096773,0.01627617817091713,0.908555095130752,0.07516872669833081,neutral,neutral,True,neutral,neutral,True,down,down,0.14291200786864763,0.058892548527413685,0.038310483511286915
NVDA,2023-03-31,2023-04-01,0.16982978455849151,0.7528788391286221,0.07729137631288635,0.02397269299509365,0.9398334428969197,0.03619386410798668,neutral,neutral,True,positive,neutral,False,up,down,-0.09253840824560516,0.012221171112893031,0.2241596727750195
AMD,2023-04-03,2023-04-04,0.011968745119345758,0.7288428667179976,0.25918838816265666,0.011839658412948938,0.8583571519148532,0.12980318967219787,neutral,neutral,True,positive,neutral,False,down,down,0.2472196430433109,0.11796353125924892,0.06015675569392507
NVDA,2023-04-03,2023-04-04,0.013556507797797034,0.05407118948493498,0.932372302717268,0.020976525295193522,0.918172001585327,0.06085147311947949,positive,neutral,False,negative,neutral,False,down,down,0.918815794919471,0.03987494782428597,2.3856681277289704
NVDA,2023-04-04,2023-04-05,0.017610792398653784,0.050873496585963233,0.931515711015383,0.9697909869865291,0.019909838686475622,0.010299174326995317,positive,negative,False,negative,neutral,False,down,down,0.9139049186167292,-0.9594918126595338,4.1733765570185115
NVDA,2023-04-05,2023-04-06,0.1343037079067143,0.7629152167712216,0.10278107532206403,0.018730007949322818,0.8831573523502358,0.09811263970044135,neutral,neutral,True,negative,neutral,False,up,down,-0.03152263258465028,0.07938263175111852,0.15769538178345416
AMD,2023-04-06,2023-04-07,0.00930326277340608,0.7506182293464483,0.24007850788014562,0.9740663921079865,0.016942763969327312,0.008990843922686155,neutral,negative,False,neutral,neutral,True,up,down,0.23077524510673955,-0.9650755481853004,3.5909655586064004
NVDA,2023-04-06,2023-04-07,0.01792516858437339,0.8460383068530956,0.13603652456253107,0.020016369781930846,0.22367730111785322,0.7563063291002159,neutral,positive,False,positive,neutral,False,up,down,0.11811135597815768,0.736289959318285,0.8901839858736409
AMD,2023-04-10,2023-04-11,0.027607643719691377,0.8287532252375668,0.14363913104274187,0.9720556482509168,0.016669868988211888,0.011274482760871278,neutral,negative,False,neutral,neutral,True,down,down,0.11603148732305049,-0.9607811654900456,3.5045827177882702
NVDA,2023-04-10,2023-04-11,0.6006892695766215,0.10049230231000847,0.29881842811337006,0.02084340430684071,0.6351453337973778,0.3440112618957814,negative,neutral,False,positive,neutral,False,down,down,-0.30187084146325144,0.3231678575889407,1.791570759653808
AMD,2023-04-11,2023-04-12,0.011480122397212309,0.19999676365390553,0.7885231139488822,0.017683297395706177,0.8951269388198853,0.08718976378440857,positive,neutral,False,neutral,neutral,True,down,down,0.7770429915516699,0.06950646638870239,1.4316993917931469
NVDA,2023-04-11,2023-04-12,0.025895713312790915,0.05555819782103238,0.9185460888661767,0.009798391101085858,0.7680214886672149,0.22218012023169928,positive,neutral,False,positive,neutral,False,down,down,0.8926503755533858,0.21238172913061343,1.1829455213445148
AMD,2023-04-12,2023-04-13,0.9074365035807566,0.029891178457307495,0.06267231796193597,0.9729942561602916,0.019229663303135313,0.00777608053657315,negative,negative,True,positive,neutral,False,down,down,-0.8447641856188206,-0.9652181756237184,0.08067624162093474
NVDA,2023-04-12,2023-04-13,0.02949874821205381,0.09028764556784503,0.8802136062201011,0.01847666218950081,0.9169487205160162,0.06457461729448298,positive,neutral,False,positive,neutral,False,down,down,0.8507148580080474,0.04609795510498217,2.103929345893291
AMD,2023-04-13,2023-04-14,0.013818187158216304,0.8393272435073308,0.1468545693344529,0.020707005006492436,0.09725941552277896,0.8820335794707286,neutral,positive,False,positive,neutral,False,down,down,0.1330363821762366,0.8613265744642361,1.5400656335381566
NVDA,2023-04-13,2023-04-14,0.019883454856799057,0.933389087267315,0.04672745787588594,0.5800649111365964,0.028313009964900406,0.39162207889850315,neutral,negative,False,positive,neutral,False,up,up,0.026844003019086883,-0.18844283223809327,3.0962493727325975
NVDA,2023-04-14,2023-04-15,0.015200030794741215,0.3433521556242482,0.6414478135810107,0.2397368216553804,0.0829698282037701,0.6772933501408495,positive,positive,True,neutral,neutral,True,up,down,0.6262477827862695,0.43755652848546905,0.4108508713834779
AMD,2023-04-17,2023-04-18,0.2178944994038604,0.7019117631445474,0.08019373745159218,0.008397186644902441,0.21697755455814702,0.7746252587969505,neutral,positive,False,positive,neutral,False,down,down,-0.1377007619522682,0.7662280721520481,1.3516693784223395
NVDA,2023-04-17,2023-04-18,0.06392110234381411,0.05755958791910988,0.878519309737076,0.010463389226963164,0.5647539908379412,0.4247826199350956,positive,neutral,False,positive,neutral,False,up,up,0.8145982073932619,0.4143192307081324,0.6226261235602201
AMD,2023-04-18,2023-04-19,0.9729789078635818,0.018217572161920072,0.008803519974498153,0.9749716069545091,0.01577511267028917,0.009253280375201707,negative,negative,True,neutral,neutral,True,up,down,-0.9641753878890836,-0.9657183265793075,0.00019316587264121674
NVDA,2023-04-18,2023-04-19,0.016325487340862463,0.1396430924049254,0.8440314202542122,0.12605783625076344,0.032032259524589615,0.841909904224647,positive,positive,True,positive,positive,True,up,up,0.8277059329133497,0.7158520679738836,0.1743576671951843
AMD,2023-04-19,2023-04-20,0.022226193381584224,0.9383482109782719,0.039425595640143855,0.9719709314959215,0.020794960662205153,0.007234107841873327,neutral,negative,False,positive,neutral,False,up,down,0.01719940225855963,-0.9647368236540482,3.5574320528135535
NVDA,2023-04-19,2023-04-20,0.008175174500113621,0.8349680094568652,0.15685681604302112,0.30191182527855365,0.02122493421239901,0.6768632405090473,neutral,positive,False,neutral,neutral,True,down,down,0.1486816415429075,0.3749514152304937,2.8073330856683842
AMD,2023-04-20,2023-04-21,0.00992183217647763,0.8503793620568034,0.13969880576671892,0.01778412753493775,0.9279923214318228,0.05422355103323951,neutral,neutral,True,neutral,neutral,True,down,down,0.1297769735902413,0.03643942349830176,0.05214426118042747
NVDA,2023-04-20,2023-04-21,0.028929699427855754,0.9112897583193313,0.059780542252812846,0.04015736564642119,0.022653016686744614,0.9371896176668342,neutral,positive,False,positive,neutral,False,flat,down,0.030850842824957092,0.897032252020413,3.192806418595241
NVDA,2023-04-21,2023-04-22,0.02609938182253736,0.8803163717669451,0.0935842464105175,0.9587286949631313,0.024025796948902424,0.01724550808796629,neutral,negative,False,neutral,neutral,True,down,down,0.06748486458798014,-0.941483186875165,3.23437989966578
AMD,2023-04-24,2023-04-25,0.015238258476762748,0.8854108751986255,0.09935086632461176,0.0285497569611287,0.7468852428603368,0.22456500017853454,neutral,neutral,True,neutral,neutral,True,down,down,0.08411260784784902,0.19601524321740582,0.0600554780966233
NVDA,2023-04-24,2023-04-25,0.009024632708045557,0.344583466787972,0.6463919005039824,0.9738982174709705,0.016879688696865906,0.009222093832163604,positive,negative,False,negative,neutral,False,down,down,0.6373672677959369,-0.9646761236388068,3.7441327137837703
AMD,2023-04-25,2023-04-26,0.01525829204122667,0.6582730945849411,0.3264686133738322,0.03927690835153855,0.8603284794776053,0.10039461217085623,neutral,neutral,True,positive,neutral,False,up,down,0.3112103213326055,0.06111770381931768,0.19433710310354207
NVDA,2023-04-25,2023-04-26,0.8128274346101962,0.15835752434308542,0.028815041046718316,0.7232454661622986,0.036375356195040814,0.2403791776426606,negative,negative,True,positive,neutral,False,up,up,-0.784012393563478,-0.482866288519638,0.26672624119021365
AMD,2023-04-26,2023-04-27,0.021864683891373055,0.9474228444057918,0.030712471702835118,0.012506112642677317,0.33893394975265784,0.6485599376046648,neutral,positive,False,neutral,neutral,True,up,down,0.008847787811462064,0.6360538249619875,0.8924332296340577
NVDA,2023-04-26,2023-04-27,0.02376634494775841,0.0532448746313411,0.9229887804209005,0.972294001786042,0.016473240628754552,0.0112327575852035,positive,negative,False,positive,neutral,False,up,down,0.8992224354731421,-0.9610612442008385,4.043515909041036
AMD,2023-04-27,2023-04-28,0.012262475156643526,0.9096795625504704,0.078057962292886,0.01399507525947694,0.7784045150144795,0.20760040972604354,neutral,neutral,True,neutral,neutral,True,up,down,0.06579548713624248,0.1936053344665666,0.06379591465838344
NVDA,2023-04-27,2023-04-28,0.06836350128324341,0.04711672339886934,0.8845197753178873,0.024021232903359637,0.06228138983348852,0.9136973772631518,positive,positive,True,positive,neutral,False,up,down,0.8161562740346439,0.8896761443597921,0.029647560638323668
NVDA,2023-04-28,2023-04-29,0.009991679005603823,0.24703638917458243,0.7429719318198138,0.5491138901231397,0.03285416338049484,0.41803194649636544,positive,negative,False,positive,neutral,False,up,down,0.73298025281421,-0.13108194362677428,0.8856366049513493
AMD,2023-05-01,2023-05-02,0.8704992115041079,0.10410021458771519,0.025400573908176856,0.9694595300652933,0.0202957012302554,0.010244768704451304,negative,negative,True,positive,neutral,False,up,down,-0.8450986375959311,-0.9592147613608419,0.09953367134458906
NVDA,2023-05-01,2023-05-02,0.9463761519370686,0.02916401273879418,0.024459835324137175,0.9704745574083377,0.018199392712143388,0.011326049879518902,negative,negative,True,positive,neutral,False,down,down,-0.9219163166129314,-0.9591485075288188,0.008787802113921502
AMD,2023-05-02,2023-05-03,0.38649414141458693,0.44870658065994323,0.1647992779254698,0.9680722852714405,0.021764179468708136,0.010163535259851359,neutral,negative,False,positive,neutral,False,down,down,-0.22169486348911713,-0.9579087500115891,1.462075487736651
NVDA,2023-05-02,2023-05-03,0.025482307538431705,0.3538642107589798,0.6206534817025885,0.9735891601386109,0.01796948497065563,0.008441354890733475,positive,negative,False,negative,neutral,False,down,down,0.5951711741641568,-0.9651478052478774,3.629106552561323
AMD,2023-05-03,2023-05-04,0.022116482916965573,0.06397709441116733,0.9139064226718671,0.04680115487802275,0.02108588687384185,0.9321129582481354,positive,positive,True,positive,positive,True,up,up,0.8917899397549015,0.8853118033701127,0.03640379752610646
NVDA,2023-05-03,2023-05-04,0.02977002036275467,0.03138094960818316,0.9388490300290622,0.5948446171416112,0.333737122500795,0.07141826035759373,positive,negative,False,positive,neutral,False,down,down,0.9090790096663075,-0.5234263567840175,2.255225461198394
AMD,2023-05-04,2023-05-05,0.017645567918502806,0.7943974851727111,0.18795694690878612,0.03370196334605705,0.9254611031100776,0.04083693354386538,neutral,neutral,True,positive,positive,True,up,up,0.1703113789902833,0.00713497019780833,0.15421104825919116
NVDA,2023-05-04,2023-05-05,0.01687271002558103,0.7464821519409641,0.23664513803345485,0.011761808833639,0.8382334756007426,0.1500047155656184,neutral,neutral,True,neutral,neutral,True,up,down,0.21977242800787383,0.1382429067319794,0.027437758649877745
AMD,2023-05-05,2023-05-06,0.9511250354930529,0.03920821140640446,0.009666753100542616,0.028322022672016386,0.020593473879559655,0.951084503448424,negative,positive,False,neutral,neutral,True,up,down,-0.9414582823925103,0.9227624807764077,3.323145705310533
AMD,2023-05-08,2023-05-09,0.016850548084739292,0.8398300518818392,0.14331940003342145,0.28129272349433443,0.5867264024452211,0.13198087406044448,neutral,neutral,True,negative,neutral,False,flat,down,0.12646885194868215,-0.14931184943388995,0.2655751261978321
NVDA,2023-05-08,2023-05-09,0.02075082338837709,0.7328400329785808,0.2464091436330421,0.9575327695794719,0.01800223525601056,0.024464995164517583,neutral,negative,False,positive,neutral,False,down,down,0.225658320244665,-0.9330677744149543,3.2058524474261914
AMD,2023-05-09,2023-05-10,0.7346308876103992,0.2319086915322623,0.033460420857338545,0.9654284787582492,0.02162672595401649,0.012944795287734234,negative,negative,True,positive,neutral,False,up,down,-0.7011704667530606,-0.952483683470515,0.3812557528805342
NVDA,2023-05-09,2023-05-10,0.030008266605159643,0.8874568641665884,0.08253486922825194,0.9731227241066327,0.010867248380375314,0.01601002751299203,neutral,negative,False,positive,neutral,False,up,down,0.0525266026230923,-0.9571126965936406,3.938081027589044
AMD,2023-05-10,2023-05-11,0.011113954563070681,0.9143934130654597,0.07449263237146954,0.9664836113842535,0.015727663634812154,0.01778872498093434,neutral,negative,False,positive,neutral,False,flat,down,0.06337867780839886,-0.9486948864033192,3.7720884737273863
NVDA,2023-05-10,2023-05-11,0.08170159343708143,0.8369012066029282,0.08139719995999038,0.013864322165219125,0.9268077940390989,0.05932788379568197,neutral,neutral,True,positive,neutral,False,down,down,-0.00030439347709104725,0.04546356163046285,0.08526384160175027
AMD,2023-05-11,2023-05-12,0.021000823851634896,0.9287146476161092,0.05028452853225592,0.030818894505500793,0.9329502582550049,0.036230847239494324,neutral,neutral,True,neutral,neutral,True,down,down,0.029283704680621025,0.00541195273399353,0.004201403128890123
NVDA,2023-05-11,2023-05-12,0.008588524775258958,0.2853323300927597,0.7060791451319813,0.9701913766572301,0.018879936181607656,0.01092868716116222,positive,negative,False,positive,neutral,False,down,down,0.6974906203567224,-0.9592626894960679,3.6774122769859816
NVDA,2023-05-12,2023-05-13,0.028933903448251815,0.9289038854332332,0.04216221111851496,0.14105924806305117,0.8181720880623301,0.04076866387461874,neutral,neutral,True,neutral,neutral,True,up,down,0.013228307670263145,-0.10029058418843242,0.07348916110124709
AMD,2023-05-15,2023-05-16,0.011424268393720408,0.8969817002837991,0.09159403132248056,0.022892186332895657,0.02542101768619933,0.951686795980905,neutral,positive,False,neutral,neutral,True,up,up,0.08016976292876016,0.9287946096480093,2.9740074450194736
NVDA,2023-05-15,2023-05-16,0.012257880457962415,0.8126413752209013,0.17510074432113626,0.03352332225445745,0.9292905795756646,0.0371860981698779,neutral,neutral,True,positive,neutral,False,up,down,0.16284286386317384,0.003662775915420448,0.14997254942818256
AMD,2023-05-16,2023-05-17,0.018957891417647515,0.9400237622867716,0.04101834629558085,0.9545110597884514,0.02232838500190897,0.023160555209639604,neutral,negative,False,neutral,neutral,True,up,down,0.022060454877933334,-0.9313505045788119,3.4648817320319476
NVDA,2023-05-16,2023-05-17,0.010398645681914353,0.8541921806167477,0.13540917370133787,0.009707107507003982,0.17521705271877602,0.8150758397742199,neutral,positive,False,positive,neutral,False,up,down,0.12501052801942353,0.805368732267216,1.1108108951781408
AMD,2023-05-17,2023-05-18,0.017082103487660916,0.2530576122656709,0.7298602842466682,0.9687358656384145,0.016533058844525914,0.014731075517059617,positive,negative,False,positive,neutral,False,up,down,0.7127781807590072,-0.9540047901213549,3.469996131443549
NVDA,2023-05-17,2023-05-18,0.018126149276420808,0.062730538758466,0.9191433119651132,0.019729366930244557,0.9390192224256908,0.041251410644064686,positive,neutral,False,positive,neutral,False,up,up,0.9010171626886925,0.02152204371382013,2.6815129569152547
AMD,2023-05-18,2023-05-19,0.01137112742507844,0.8833171203265471,0.10531175224837454,0.9703535266282184,0.01771979111510346,0.011926682256678181,neutral,negative,False,neutral,neutral,True,down,down,0.0939406248232961,-0.9584268443715402,3.631710302080806
NVDA,2023-05-18,2023-05-19,0.7990595310681191,0.1574634056621933,0.0434770632696876,0.08659024391451442,0.8930177538894866,0.02039200219599899,negative,neutral,False,positive,neutral,False,down,down,-0.7555824677984315,-0.06619824171851543,1.535360664387294
AMD,2023-05-22,2023-05-23,0.010810367360324884,0.8165329390565701,0.172656693583105,0.01656402904721474,0.8953836347792737,0.08805233617351155,neutral,neutral,True,neutral,neutral,True,up,up,0.1618463262227801,0.07148830712629681,0.03637731251479007
NVDA,2023-05-22,2023-05-23,0.010574692919336406,0.7062029281977728,0.2832223788828908,0.9727617429736126,0.016095610215547604,0.01114264681083972,neutral,negative,False,neutral,neutral,True,down,down,0.27264768596355443,-0.9616190961627729,3.5389419629985257
AMD,2023-05-23,2023-05-24,0.15999334275692745,0.5839264653888255,0.2560801918542471,0.02896998787714261,0.019512979686200308,0.9515170324366571,neutral,positive,False,positive,positive,True,up,up,0.09608684909731963,0.9225470445595145,1.9218737887650517
NVDA,2023-05-23,2023-05-24,0.04619117539732112,0.863068477494055,0.09074034710862389,0.9665642902820639,0.020614226530888246,0.012821483187047789,neutral,negative,False,positive,neutral,False,down,down,0.044549171711302765,-0.9537428070950161,3.2602425899167247
AMD,2023-05-24,2023-05-25,0.02320881213853671,0.06248835171559846,0.9143028361458648,0.013474243856189,0.915542852042296,0.07098290410151496,positive,neutral,False,positive,positive,True,up,up,0.8910940240073281,0.057508660245325964,2.1815721384712266
NVDA,2023-05-24,2023-05-25,0.013902937204513986,0.896969446788229,0.08912761600725705,0.9697976184621275,0.019903229697817784,0.01029915184005463,neutral,negative,False,positive,neutral,False,up,down,0.07522467880274306,-0.9594984666220729,3.5491053247959763
AMD,2023-05-25,2023-05-26,0.023227634038185518,0.9422761850558753,0.03449618090593916,0.0463819738636553,0.6902683587594874,0.2633496673768572,neutral,neutral,True,positive,positive,True,up,up,0.01126854686775364,0.21696769351320191,0.20707167986880207
NVDA,2023-05-25,2023-05-26,0.11455437541007996,0.7197349071502686,0.1657107174396515,0.9723661688473316,0.018710728300995863,0.008923102851672502,neutral,negative,False,positive,neutral,False,up,down,0.05115634202957153,-0.9634430659956591,2.866023243498884
AMD,2023-05-26,2023-05-27,0.09330871164743702,0.6671521812785904,0.23953910707397252,0.03195850119072011,0.9310864632746864,0.03695503553459355,neutral,neutral,True,neutral,neutral,True,down,down,0.1462303954265355,0.0049965343438734405,0.3252956220367741
NVDA,2023-05-26,2023-05-27,0.0197436458211495,0.9289037110327295,0.051352643146120945,0.013266607397731696,0.7829699044213522,0.2037634881809161,neutral,neutral,True,positive,neutral,False,up,down,0.031608997324971445,0.1904968807831844,0.09583296157032675
AMD,2023-05-30,2023-05-31,0.010492660496110487,0.77147951615898,0.21802782334490953,0.012392093462102377,0.9232761289643389,0.06433177757355882,neutral,neutral,True,neutral,neutral,True,down,down,0.20753516284879903,0.05193968411145644,0.1258004107813517
NVDA,2023-05-30,2023-05-31,0.563355717859013,0.08937773641215184,0.3472665457288352,0.2651632339266348,0.036522182342783954,0.6983145837305812,negative,positive,False,positive,neutral,False,down,down,-0.21608917213017775,0.4331513498039464,0.2619218346240269
AMD,2023-05-31,2023-06-01,0.015244785054634804,0.07709793618919562,0.9076572787561695,0.9609330529200466,0.012432461905520418,0.02663448517443297,positive,negative,False,positive,positive,True,up,up,0.8924124937015347,-0.9342985677456136,3.2803303207274404
NVDA,2023-05-31,2023-06-01,0.052528095877404694,0.13567539443036641,0.8117965096922289,0.015620371544742353,0.03926458871169249,0.9451150397435651,positive,positive,True,positive,neutral,False,up,down,0.7592684138148242,0.9294946681988228,0.10849495805933879
AMD,2023-06-01,2023-06-02,0.015547649336602479,0.06807961460746,0.9163727360559375,0.9407006887633635,0.04983872006917715,0.009460591167459275,positive,negative,False,positive,positive,True,down,up,0.900825086719335,-0.9312400975959043,4.148282207296786
NVDA,2023-06-01,2023-06-02,0.0292217122366259,0.7519848606593225,0.2187934271040517,0.008868908460053195,0.1289440088219344,0.8621870827180124,neutral,positive,False,positive,neutral,False,down,down,0.1895717148674258,0.8533181742579592,1.060805121684736
AMD,2023-06-02,2023-06-03,0.012807671410102556,0.8767137225360554,0.11047860605384206,0.9691592184130321,0.01404532937206339,0.016795452214904534,neutral,negative,False,neutral,positive,False,flat,up,0.09767093464373951,-0.9523637661981276,3.776937772331851
NVDA,2023-06-02,2023-06-03,0.00996094329493613,0.6943949085893997,0.2956441481156642,0.023311674165139434,0.05183905681723519,0.9248492690176253,neutral,positive,False,positive,neutral,False,down,down,0.28568320482072806,0.9015375948524859,1.4562390949034159
AMD,2023-06-05,2023-06-06,0.9588726287933222,0.026053419676374527,0.015073951530303173,0.01696591786371355,0.46243693391002116,0.5205971482262652,negative,positive,False,positive,positive,True,up,up,-0.943798677263019,0.5036312303625516,3.740290135600803
NVDA,2023-06-05,2023-06-06,0.009652034658205765,0.22783812048191365,0.7625098448598806,0.34858288192284875,0.045427086171344756,0.6059900319058065,positive,positive,True,positive,neutral,False,down,up,0.7528578102016749,0.2574071499829577,0.5079641338834047
AMD,2023-06-06,2023-06-07,0.010105110008854187,0.7385495477018307,0.2513453422893151,0.025509433830402942,0.020782463605485708,0.9537081025641113,neutral,positive,False,neutral,positive,False,down,up,0.2412402322804609,0.9281986687337084,2.292515346059552
NVDA,2023-06-06,2023-06-07,0.020899442216214908,0.03370357185533668,0.9453969859284485,0.9661003695327692,0.017566505361476772,0.016333125105754003,positive,negative,False,positive,neutral,False,down,down,0.9244975437122336,-0.9497672444270152,3.7786508904383704
AMD,2023-06-07,2023-06-08,0.020116040745400424,0.0689037823720397,0.9109801768825598,0.0274885490960264,0.019933360780401945,0.9525780901235716,positive,positive,True,positive,positive,True,up,up,0.8908641361371594,0.9250895410275453,0.03850508154650913
NVDA,2023-06-07,2023-06-08,0.026035968699231162,0.9015334416466475,0.07243058965412136,0.9673656403957355,0.015102473365899836,0.017531886238364703,neutral,negative,False,positive,neutral,False,up,down,0.04639462095489019,-0.9498337541573708,3.6952133616496172
AMD,2023-06-08,2023-06-09,0.25379143677898863,0.545743080719893,0.20046548250111834,0.022317387987049856,0.9053245361277584,0.07235807588519175,neutral,neutral,True,positive,positive,True,up,up,-0.05332595427787029,0.050040687898141895,0.5450563290287375
NVDA,2023-06-08,2023-06-09,0.04678281891152163,0.049874612499484,0.9033425685889944,0.017485504872246618,0.8545089316302411,0.12800556349751224,positive,neutral,False,positive,neutral,False,up,down,0.8565597496774728,0.11052005862526562,1.6695032870389197
AMD,2023-06-09,2023-06-10,0.014566201499608137,0.9314242462601625,0.054009552240229367,0.015186067036266819,0.8703791669364669,0.11443476602726624,neutral,neutral,True,neutral,neutral,True,up,down,0.03944335074062123,0.09924869899099942,0.02197766324151363
NVDA,2023-06-09,2023-06-10,0.0072999822016346465,0.15571452089917093,0.8369854968991944,0.023130136601614098,0.9036124139709129,0.07325744942747306,positive,neutral,False,neutral,neutral,True,up,down,0.8296855146975598,0.05012731282585896,1.7565281902425292
AMD,2023-06-12,2023-06-13,0.012311744102359709,0.21905938566934458,0.7686288702282957,0.019348012776627233,0.9169675058782748,0.06368448134509792,positive,neutral,False,positive,neutral,False,down,down,0.756317126125936,0.04433646856847069,1.5951997475592044
NVDA,2023-06-12,2023-06-13,0.010840724709451303,0.1488881944202999,0.8402710808702488,0.011639785465048303,0.7298733882193431,0.25848682631560865,positive,neutral,False,positive,neutral,False,up,down,0.8294303561607975,0.24684704085056036,0.7531237370188852
AMD,2023-06-13,2023-06-14,0.04438064007105351,0.04533892632540841,0.910280433603538,0.012327141967958644,0.9008560709591502,0.08681678707289109,positive,neutral,False,positive,neutral,False,up,down,0.8658997935324846,0.07448964510493244,2.0604413816849467
NVDA,2023-06-13,2023-06-14,0.010303401762994656,0.7789024885964166,0.21079410964058864,0.9461969101943191,0.038376629209605495,0.015426460596075428,neutral,negative,False,positive,neutral,False,up,down,0.200490707877594,-0.9307704495982436,2.8494498301172486
AMD,2023-06-14,2023-06-15,0.0150893801754217,0.898504890259698,0.0864057295648803,0.967456401157732,0.020450382838189275,0.012093216004078717,neutral,negative,False,neutral,positive,False,down,up,0.07131634938945859,-0.9553631851536533,3.5059288590926156
NVDA,2023-06-14,2023-06-15,0.8934935714124742,0.08974701550636693,0.016759413081158886,0.01762425389953667,0.9256363769705327,0.05673936912993069,negative,neutral,False,positive,neutral,False,down,up,-0.8767341583313153,0.039115115230394015,3.27787175382022
AMD,2023-06-15,2023-06-16,0.9067785751894651,0.0706095146796527,0.022611910130882196,0.9745589149806287,0.01761585784200337,0.007825227177367888,negative,negative,True,positive,neutral,False,down,down,-0.884166665058583,-0.9667336878032609,0.05665918811605704
NVDA,2023-06-15,2023-06-16,0.00882695259204046,0.6834660299767932,0.30770701743116635,0.17852731581113684,0.027644530762569033,0.7938281534262941,neutral,positive,False,positive,positive,True,flat,up,0.2988800648391259,0.6153008376151572,1.8742257015686037
AMD,2023-06-16,2023-06-17,0.12330663949251175,0.8483229279518127,0.028370432555675507,0.013084531366563757,0.926762678453287,0.060152790180149275,neutral,neutral,True,neutral,neutral,True,down,down,-0.09493620693683624,0.04706825881358552,0.1802628857378883
NVDA,2023-06-16,2023-06-17,0.013877071543612118,0.8183710040030703,0.16775192445331755,0.9733228857931171,0.01706773922849245,0.009609374978390404,neutral,negative,False,neutral,neutral,True,up,down,0.15387485290970543,-0.9637135108147267,3.587942539762004
AMD,2023-06-20,2023-06-21,0.03620088939892585,0.9221381189486639,0.04166099165241026,0.016061208783212107,0.6104330284051666,0.37350576281162134,neutral,neutral,True,neutral,neutral,True,down,up,0.0054601022534844085,0.35744455402840924,0.31844807018311627
NVDA,2023-06-20,2023-06-21,0.025571282762503006,0.9178870251932216,0.05654169204427531,0.9731808171225192,0.019360147827778104,0.007459035049702673,neutral,negative,False,positive,neutral,False,down,down,0.030970409281772304,-0.9657217820728166,3.5634670186611643
AMD,2023-06-21,2023-06-22,0.04271802630963147,0.8786181113278332,0.07866386236253535,0.31782023243342417,0.024577374508548744,0.657602393058027,neutral,positive,False,positive,neutral,False,down,down,0.03594583605290388,0.33978216062460287,2.8896333545269757
NVDA,2023-06-21,2023-06-22,0.01793199126067712,0.051602559992804525,0.9304654487465184,0.015226138557152878,0.4079140967588896,0.5768597646839575,positive,positive,True,positive,neutral,False,flat,down,0.9125334574858412,0.5616336261268047,0.34108792036476987
AMD,2023-06-22,2023-06-23,0.008861627066590274,0.8345491544155751,0.15658921851783467,0.9169029304836928,0.03772604219442002,0.045371027321887185,neutral,negative,False,neutral,neutral,True,down,down,0.1477275914512444,-0.8715319031618056,2.737079431773092
NVDA,2023-06-22,2023-06-23,0.8149124395037025,0.11769760531914274,0.06738995517715478,0.044548279873307346,0.8750084508209162,0.08044326930577651,negative,neutral,False,positive,neutral,False,down,down,-0.7475224843265478,0.03589498943246917,2.1205020866158275
AMD,2023-06-23,2023-06-24,0.008440766200546563,0.7747359612113847,0.2168232725880688,0.3137294071558648,0.6275565659204215,0.058714026923713664,neutral,neutral,True,neutral,neutral,True,down,down,0.20838250638752223,-0.2550153802321511,0.41596947631850645
NVDA,2023-06-23,2023-06-24,0.06157155764821505,0.9104123796374759,0.028016062714309085,0.9707656060373553,0.016849423094131233,0.012384970868513458,neutral,negative,False,negative,neutral,False,down,down,-0.033555494933905965,-0.9583806351688419,3.4852262296615373
AMD,2023-06-26,2023-06-27,0.013471223112838944,0.8727280302481049,0.1138007466390562,0.015055139254631545,0.504232337149904,0.4807125235954644,neutral,neutral,True,positive,neutral,False,up,up,0.10032952352621727,0.46565738434083287,0.31330315770491596
NVDA,2023-06-26,2023-06-27,0.01713249170304236,0.03343759266543651,0.9494299156315211,0.9699254460366596,0.016800926700963073,0.013273627262377257,positive,negative,False,positive,neutral,False,up,down,0.9322974239284788,-0.9566518187742824,4.008006550366001
AMD,2023-06-27,2023-06-28,0.6245960430347461,0.32989340160320024,0.04551055536205363,0.011417537587358428,0.5296417912947597,0.4589406711178818,negative,neutral,False,negative,neutral,False,down,up,-0.5790854876726925,0.44752313353052336,2.2382492722149405
NVDA,2023-06-27,2023-06-28,0.01596205776703702,0.9012376607202089,0.08280028151275405,0.03991571098503255,0.8685458963256023,0.09153839268936509,neutral,neutral,True,neutral,neutral,True,down,up,0.06683822374571703,0.05162268170433254,0.010362223700842875
AMD,2023-06-28,2023-06-29,0.024795445005536293,0.9419932488239421,0.03321130617052157,0.02406897146819979,0.025492792284304105,0.9504382362474961,neutral,positive,False,neutral,neutral,True,up,down,0.008415861164985279,0.9263692647792964,3.289566563289222
NVDA,2023-06-28,2023-06-29,0.312617689371109,0.35171473026275635,0.33566758036613464,0.9720342827739885,0.01849057352908383,0.009475143696927604,neutral,negative,False,positive,neutral,False,down,down,0.023049890995025635,-0.9625591390770609,1.8788370716069587
AMD,2023-06-29,2023-06-30,0.007798924928761887,0.2299096092121825,0.7622914658590556,0.09562348891987701,0.1733681929095897,0.7310083181705332,positive,positive,True,neutral,neutral,True,up,down,0.7544925409302937,0.6353848292506562,0.07729195875844301
NVDA,2023-06-29,2023-06-30,0.04115751977423132,0.5121459770148256,0.44669650321094306,0.04017731487486787,0.02178065446346023,0.9380420306616719,neutral,positive,False,positive,positive,True,up,up,0.40553898343671174,0.897864715786804,1.286726820883842
NVDA,2023-06-30,2023-07-01,0.022370454923977923,0.02709325151562325,0.9505362935603988,0.026317448257158673,0.9367944827812088,0.036888068961632534,positive,neutral,False,neutral,neutral,True,up,down,0.9281658386364209,0.01057062070447386,2.988792518306766
AMD,2023-07-03,2023-07-04,0.03761921162052181,0.9132421816865097,0.04913860669296846,0.011164093452491388,0.1132469481597484,0.8755889583877602,neutral,positive,False,neutral,neutral,True,down,up,0.011519395072446655,0.8644248649352688,1.8104981097205546
NVDA,2023-07-03,2023-07-04,0.00972966160726163,0.8578301340611321,0.13244020433160628,0.014044959150422212,0.9178890024046935,0.06806603844488426,neutral,neutral,True,neutral,neutral,True,down,down,0.12271054272434465,0.05402107929446205,0.026537911984338868
AMD,2023-07-05,2023-07-06,0.02130749869018336,0.928782521733291,0.04990997957652568,0.027552356686886804,0.02202953750240116,0.9504181058107121,neutral,positive,False,positive,neutral,False,down,down,0.028602480886342322,0.9228657491238252,3.322485495849197
NVDA,2023-07-05,2023-07-06,0.019107360179267525,0.9384728565237724,0.042419783296960036,0.9717051520110082,0.01907098458026983,0.009223863408721967,neutral,negative,False,positive,neutral,False,down,down,0.02331242311769251,-0.9624812886022862,3.6460234273207495
AMD,2023-07-06,2023-07-07,0.015020853741889842,0.3604829883916481,0.6244961578664621,0.023495307892421123,0.02681044755311154,0.9496942445544674,positive,positive,True,positive,neutral,False,down,down,0.6094753041245722,0.9261989366620462,0.6682648856436904
NVDA,2023-07-06,2023-07-07,0.022119823760837973,0.8298797576506445,0.14800041858851753,0.02207390491580964,0.022087675451936545,0.9558384196322538,neutral,positive,False,positive,neutral,False,up,down,0.12588059482767955,0.9337645147164442,2.7333304984638347
AMD,2023-07-07,2023-07-08,0.017719123512506485,0.9449363350868225,0.037344541400671005,0.973881446405511,0.015466570302339175,0.010651983292149827,neutral,negative,False,neutral,neutral,True,up,down,0.01962541788816452,-0.9632294631133612,3.8618430546533444
NVDA,2023-07-07,2023-07-08,0.016675822188320425,0.9410620191535053,0.042262158658174294,0.973495250639536,0.01904340727898969,0.007461342081474276,neutral,negative,False,positive,neutral,False,down,down,0.02558633646985387,-0.9660339085580617,3.675882730952618
AMD,2023-07-10,2023-07-11,0.0198819655554705,0.8453720792282893,0.13474595521624022,0.01256397036118706,0.7330610401837131,0.2543749894550998,neutral,neutral,True,positive,neutral,False,down,down,0.11486398966076972,0.24181101909391273,0.04401137712530863
NVDA,2023-07-10,2023-07-11,0.8719938126204093,0.11026377641647221,0.017742410963118484,0.9730555467462793,0.017407008405383208,0.009537444848337498,negative,negative,True,positive,neutral,False,up,down,-0.8542514016572909,-0.9635181018979417,0.11893866954946256
AMD,2023-07-11,2023-07-12,0.7938319370725012,0.030592078058122862,0.17557598486937598,0.02444519502422059,0.024792939701597464,0.9507618652741819,negative,positive,False,positive,neutral,False,up,down,-0.6182559522031252,0.9263166702499613,2.4727313278203598
NVDA,2023-07-11,2023-07-12,0.010409173894972621,0.9071518478452365,0.08243897825979091,0.09743016813054431,0.09540666497637831,0.8071631668930774,neutral,positive,False,positive,neutral,False,up,down,0.07202980436481829,0.7097329987625332,1.8316909610001935
AMD,2023-07-12,2023-07-13,0.011420455325172591,0.9268822316060108,0.06169731306881659,0.015454171250003586,0.8547005151900161,0.12984531355998036,neutral,neutral,True,neutral,neutral,True,up,down,0.050276857743643995,0.11439114230997677,0.025783768662308672
NVDA,2023-07-12,2023-07-13,0.03158221244835122,0.023439900746040472,0.9449778868056083,0.9620486874189645,0.025411105777385125,0.012540206803650302,positive,negative,False,positive,neutral,False,up,down,0.9133956743572571,-0.9495084806153142,3.9746113350119243
AMD,2023-07-13,2023-07-14,0.05011550897160645,0.3293024371529859,0.6205820538754077,0.9731779223259055,0.016530995387945547,0.010291082286149004,positive,negative,False,positive,neutral,False,flat,down,0.5704665449038012,-0.9628868400397564,3.380534378556774
NVDA,2023-07-13,2023-07-14,0.031173962170661623,0.029875586781633295,0.9389504510477051,0.3882600083509833,0.5711127540883152,0.04062723756070151,positive,neutral,False,positive,neutral,False,down,down,0.9077764888770435,-0.34763277079028176,2.781835763932518
AMD,2023-07-14,2023-07-15,0.0107787012741676,0.8874177617693356,0.10180353695649677,0.03364747490428313,0.9089814695412358,0.057371055554481014,neutral,neutral,True,neutral,neutral,True,up,down,0.09102483568232916,0.023723580650197883,0.02480884042099881
NVDA,2023-07-14,2023-07-15,0.018326550858665636,0.8956285185786226,0.08604493056271173,0.9737011423397846,0.016433761916563226,0.009865095743652165,neutral,negative,False,neutral,neutral,True,up,down,0.0677183797040461,-0.9638360465961324,3.6944460509076595
AMD,2023-07-17,2023-07-18,0.6193807836506662,0.33012182135361845,0.05049739499571538,0.15971429408022322,0.6115345267722826,0.22875117914749415,negative,neutral,False,positive,neutral,False,down,up,-0.5688833886549508,0.06903688506727093,0.5596572674561012
NVDA,2023-07-17,2023-07-18,0.007482630556089951,0.2933226069057853,0.6991947625381247,0.026935717749489052,0.9371094880800178,0.035954794170493146,positive,neutral,False,positive,neutral,False,up,down,0.6917121319820347,0.009019076421004094,1.7246907372670883
AMD,2023-07-18,2023-07-19,0.019444352269378427,0.9366048696567008,0.04395077807392077,0.01414471589255533,0.9089678551320951,0.07688742897534956,neutral,neutral,True,neutral,neutral,True,down,down,0.02450642580454234,0.06274271308279422,0.009660021962773059
NVDA,2023-07-18,2023-07-19,0.011610493063926697,0.7746768593788147,0.2137126475572586,0.027578219192950948,0.9396041473189437,0.032817633488105305,neutral,neutral,True,positive,neutral,False,down,down,0.2021021544933319,0.005239414295154357,0.24085930784927834
AMD,2023-07-19,2023-07-20,0.9733515184628468,0.018691741696034218,0.00795673984111897,0.025957046585535062,0.9087711694732443,0.06527178394122059,negative,neutral,False,positive,neutral,False,down,down,-0.9653947786217278,0.039314737355685525,3.4383758014938963
NVDA,2023-07-19,2023-07-20,0.015336845470063084,0.8877454035513767,0.09691775097856022,0.9743930536982293,0.011437261988398223,0.014169684313372566,neutral,negative,False,positive,neutral,False,down,down,0.08158090550849713,-0.9602233693848568,3.985975470987583
AMD,2023-07-20,2023-07-21,0.05310262950595097,0.04464025718984401,0.902257113304205,0.04328070655206937,0.025170881429086227,0.9315484120188444,positive,positive,True,positive,neutral,False,up,down,0.849154483798254,0.888267705466775,0.00761119818800835
NVDA,2023-07-20,2023-07-21,0.016931097702218626,0.9235461812683019,0.05952272102947949,0.9727393961356786,0.01654019591741755,0.010720407946903841,neutral,negative,False,positive,neutral,False,down,down,0.042591623327260866,-0.9620189881887747,3.7483444527180394
AMD,2023-07-21,2023-07-22,0.015591275921812121,0.8361346148964054,0.14827410918178255,0.31265810830872004,0.06930864757244246,0.6180332441188375,neutral,positive,False,neutral,neutral,True,down,down,0.13268283325997043,0.3053751358101175,1.823751961859616
NVDA,2023-07-21,2023-07-22,0.013718166987716834,0.8819038654402825,0.10437796757200066,0.032068986983263645,0.02057042193623967,0.9473605910804966,neutral,positive,False,positive,neutral,False,up,down,0.09065980058428383,0.915291604097233,3.072525074641294
AMD,2023-07-24,2023-07-25,0.013247395649877328,0.925137092972129,0.061615511377993655,0.9325850640706161,0.04020874589759389,0.02720619003178995,neutral,negative,False,positive,neutral,False,up,down,0.04836811572811633,-0.9053788740388262,2.895110247826403
NVDA,2023-07-24,2023-07-25,0.012355785495468072,0.8333604747132446,0.15428373979128732,0.9751137987861759,0.016132198979911094,0.008754002233913007,neutral,negative,False,positive,neutral,False,up,down,0.14192795429581925,-0.9663597965522629,3.6760228645934983
AMD,2023-07-25,2023-07-26,0.15338872025823,0.6758127716044167,0.17079850813735337,0.012072277468976818,0.5006383149997592,0.487289407531264,neutral,neutral,True,positive,neutral,False,down,down,0.017409787879123367,0.47521713006228716,0.4136287963512899
NVDA,2023-07-25,2023-07-26,0.013765011439746783,0.527767997675188,0.45846699088506526,0.9695153696995875,0.01941801766746653,0.011066612632945935,neutral,negative,False,positive,neutral,False,down,down,0.4447019794453185,-0.9584487570666416,3.39167546080279
AMD,2023-07-26,2023-07-27,0.009185103716673523,0.7444866909542804,0.24632820532904603,0.9712118867305023,0.01577283590091976,0.01301527736857793,neutral,negative,False,positive,neutral,False,up,down,0.2371431016123725,-0.9581966093619244,3.551080553603257
NVDA,2023-07-26,2023-07-27,0.02108015126162658,0.20156178227910274,0.7773580664592706,0.9695133585027839,0.01788223987029553,0.012604401626920603,positive,negative,False,positive,neutral,False,up,down,0.7562779151976441,-0.9569089568758633,3.611693326655834
AMD,2023-07-27,2023-07-28,0.011231074005075973,0.8224571270639345,0.1663117989309896,0.462127122745865,0.03758027432546224,0.5002926029286727,neutral,positive,False,neutral,neutral,True,up,up,0.15508072492591363,0.03816548018280774,2.313040612127303
NVDA,2023-07-27,2023-07-28,0.033790382406108196,0.03986956118516916,0.9263400564087226,0.02690797641603675,0.9429774775023295,0.030114546081633723,positive,neutral,False,positive,neutral,False,up,down,0.8925496740026144,0.0032065696655969728,3.055428289948245
AMD,2023-07-28,2023-07-29,0.014926015441059147,0.4579517568378593,0.5271222277210815,0.12094213993761152,0.8274293665204848,0.0516284935419037,positive,neutral,False,neutral,neutral,True,up,down,0.5121962122800224,-0.06931364639570782,0.9225598271092015
NVDA,2023-07-28,2023-07-29,0.027019284061656504,0.8842577736618122,0.08872294227653126,0.013594509183951407,0.17023104207448975,0.8161744487415589,neutral,positive,False,positive,positive,True,flat,up,0.06170365821487475,0.8025799395576074,1.2785692670434585
AMD,2023-07-31,2023-08-01,0.024272813660689334,0.07501131645456499,0.9007158698847457,0.032158522599990566,0.8597775973462464,0.10806388005376309,positive,neutral,False,positive,neutral,False,up,down,0.8764430562240564,0.07590535745377253,1.7201549204566724
NVDA,2023-07-31,2023-08-01,0.10457887110937866,0.18762350873561542,0.7077976201550059,0.9694331229814315,0.023649076265694548,0.006917800752873947,positive,negative,False,positive,neutral,False,down,down,0.6032187490456272,-0.9625153222285575,3.4314465172665813
AMD,2023-08-01,2023-08-02,0.9686308583685331,0.02125092185458088,0.010118219776886034,0.013513671309763591,0.8998951962211832,0.08659113246905319,negative,neutral,False,negative,neutral,False,down,down,-0.9585126385916471,0.07307746115928959,4.036841292491403
NVDA,2023-08-01,2023-08-02,0.9726732828003362,0.010617175355173964,0.016709541844489847,0.05984575645169759,0.8568885943889816,0.08326564915932087,negative,neutral,False,negative,positive,False,down,up,-0.9559637409558464,0.023419892707623284,2.6386285125116213
AMD,2023-08-02,2023-08-03,0.013624965738506146,0.8502794250762634,0.13609560918523045,0.9687522324965518,0.02039348638228559,0.010854281121162586,neutral,negative,False,negative,neutral,False,up,down,0.1224706434467243,-0.9578979513753892,3.4578994364743862
NVDA,2023-08-02,2023-08-03,0.02522637820254468,0.07689904980419641,0.8978745719932589,0.045210454256121385,0.8266454954926293,0.12814405025124925,positive,neutral,False,positive,neutral,False,up,down,0.8726481937907142,0.08293359599512787,1.550705647714493
AMD,2023-08-03,2023-08-04,0.0913171849497943,0.7435469086732485,0.1651359063769572,0.07485152641587842,0.019722584267657543,0.9054258893164641,neutral,positive,False,positive,neutral,False,up,down,0.07381872142716289,0.8305743629005856,2.4359835425038363
NVDA,2023-08-03,2023-08-04,0.0485106919293696,0.9158474598263027,0.03564184824432772,0.015135388186055377,0.878470080390453,0.10639453142349158,neutral,neutral,True,positive,neutral,False,up,down,-0.012868843685041875,0.0912591432374362,0.05568514221094099
AMD,2023-08-04,2023-08-05,0.017748228808904542,0.9407493857871878,0.041502385403907625,0.9734108314327452,0.01645636450431737,0.010132804062937394,neutral,negative,False,neutral,neutral,True,up,down,0.023754156595003083,-0.9632780273698078,3.793682683181649
NVDA,2023-08-04,2023-08-05,0.9450608445429787,0.044120856355109705,0.010818299101911639,0.032710053392239515,0.019448172518404267,0.9478417740893562,negative,positive,False,neutral,neutral,True,up,down,-0.934242545441067,0.9151317206971167,3.1665285218488877
AMD,2023-08-07,2023-08-08,0.020145841318105186,0.9238180094178395,0.05603614926405529,0.016798792938849852,0.685881517194185,0.2973196898669651,neutral,neutral,True,neutral,neutral,True,down,down,0.035890307945950106,0.28052089692811527,0.1852689972570559
NVDA,2023-08-07,2023-08-08,0.009494251651175567,0.7570654217280343,0.23344032662079012,0.9714961620844077,0.016888488036891944,0.011615349878700405,neutral,negative,False,positive,neutral,False,down,down,0.22394607496961455,-0.9598808122057073,3.5355015878817517
AMD,2023-08-08,2023-08-09,0.9714347657884016,0.016808160572947446,0.01175707363865091,0.9645150097237478,0.01206914961562451,0.02341584066062762,negative,negative,True,neutral,neutral,True,down,down,-0.9596776921497507,-0.9410991690631202,0.004411456595678436
NVDA,2023-08-08,2023-08-09,0.9710805028070245,0.019076686761122008,0.009842810431853533,0.016761393478904228,0.9025152334767365,0.08072337304435936,negative,neutral,False,negative,neutral,False,down,down,-0.961237692375171,0.06396197956545513,3.8476518128603274
AMD,2023-08-09,2023-08-10,0.02227016405641055,0.8927171294261737,0.08501270651741585,0.9348194529502134,0.027427084539628888,0.037753462510157654,neutral,negative,False,neutral,neutral,True,down,down,0.0627425424610053,-0.8970659904400557,3.094881404350449
NVDA,2023-08-09,2023-08-10,0.09009705819551118,0.8677723134969292,0.04213062830755965,0.96889787556338,0.02283759825059038,0.008264526186029582,neutral,negative,False,positive,neutral,False,down,up,-0.04796642988795154,-0.9606333493773505,3.0111576228554884
AMD,2023-08-10,2023-08-11,0.7235675060255687,0.027411597615431927,0.24902089635899932,0.02997326578855288,0.715342605255855,0.25468412895559206,negative,neutral,False,neutral,neutral,True,down,down,-0.4745466096665694,0.22471086316703917,2.2087470824207975
NVDA,2023-08-10,2023-08-11,0.959861263626314,0.030643488776101208,0.009495247597584855,0.02316889643630193,0.2201669734284794,0.7566641301352187,negative,positive,False,negative,neutral,False,down,down,-0.950366016028729,0.7334952336989168,3.472502946800539
AMD,2023-08-11,2023-08-12,0.062106959984503385,0.48188245655508677,0.4560105834604098,0.020028858446928602,0.8315867572830411,0.14838438427003028,neutral,neutral,True,neutral,neutral,True,up,down,0.3939036234759064,0.12835552582310167,0.3193209196012477
NVDA,2023-08-11,2023-08-12,0.062106959984503385,0.48188245655508677,0.4560105834604098,0.024539303617364724,0.019580163903078828,0.9558805324795564,neutral,positive,False,neutral,neutral,True,up,down,0.3939036234759064,0.9313412288621917,1.263728050321824
AMD,2023-08-14,2023-08-15,0.01506137319966239,0.8984667842893574,0.08647184251098013,0.026816501014687074,0.16339721545291475,0.8097862835323982,neutral,positive,False,positive,neutral,False,down,down,0.07141046931131774,0.7829697825177112,1.3293196769092153
NVDA,2023-08-14,2023-08-15,0.9678975064262536,0.019453025792684594,0.012649467781061772,0.970578106942267,0.020382558357457864,0.009039334700275174,negative,negative,True,negative,neutral,False,up,down,-0.9552480386451918,-0.9615387722419918,0.000665692310075274
AMD,2023-08-15,2023-08-16,0.9451166613920121,0.03990762281362798,0.014975715794359863,0.061233477704719375,0.016884337607492875,0.9218821846877877,negative,positive,False,neutral,neutral,True,down,up,-0.9301409455976523,0.8606487069830684,2.5590477943607777
NVDA,2023-08-15,2023-08-16,0.9619411996350463,0.024446901366572012,0.013611898998381645,0.9731229616189223,0.017454356085168987,0.009422682295908646,negative,negative,True,positive,neutral,False,down,down,-0.9483293006366647,-0.9637002793230136,0.0021260274049746397
AMD,2023-08-16,2023-08-17,0.055468007709667574,0.10513510475790791,0.8393968875324245,0.017439808631540057,0.8836813536149213,0.09887883775353865,positive,neutral,False,positive,neutral,False,down,down,0.7839288798227569,0.08143902912199859,1.6356547414851823
NVDA,2023-08-16,2023-08-17,0.05032792408630111,0.919076936674806,0.030595139238892854,0.03342830762267113,0.03193170204758644,0.9346399903297424,neutral,positive,False,positive,positive,True,down,up,-0.019732784847408254,0.9012116827070713,3.003865045358795
AMD,2023-08-17,2023-08-18,0.013367718907324083,0.9174151388457037,0.0692171422469722,0.024320367995504678,0.9106884700509362,0.0649911619535591,neutral,neutral,True,neutral,neutral,True,up,down,0.05584942333964812,0.040670793958054424,0.0031117432752118257
NVDA,2023-08-17,2023-08-18,0.0180922981725293,0.026849462531807436,0.9550582392956632,0.09319540217364657,0.025292244091170774,0.8815123537351827,positive,positive,True,positive,neutral,False,down,down,0.9369659411231339,0.7883169515615361,0.048479062874076925
AMD,2023-08-18,2023-08-19,0.011912231100577066,0.764936849415606,0.2231509194838169,0.9677597773398621,0.019475561083207128,0.012764661576930804,neutral,negative,False,neutral,neutral,True,up,down,0.21123868838323984,-0.9549951157629313,3.3938915071982585
NVDA,2023-08-18,2023-08-19,0.08233860257772509,0.8439563042514966,0.07370509317077835,0.031502238438660665,0.020594462692625347,0.9479032988687139,neutral,positive,False,neutral,neutral,True,up,down,-0.008633509406946738,0.9164010604300533,3.024529276556275
AMD,2023-08-21,2023-08-22,0.013874098348451443,0.8925081291979224,0.09361777245362611,0.8766079430724389,0.10568810861591853,0.017703948311642487,neutral,negative,False,positive,neutral,False,down,down,0.07974367410517466,-0.8589039947607965,2.0025962554041294
NVDA,2023-08-21,2023-08-22,0.8316701526690997,0.14623994907379226,0.022089898257108057,0.018348116632716172,0.22626522436289367,0.7553866590043902,negative,positive,False,positive,neutral,False,down,down,-0.8095802544119917,0.737038542371674,3.030062567644785
AMD,2023-08-22,2023-08-23,0.040731450349263676,0.5865670086899292,0.37270154096080715,0.007558721896599163,0.2617321122876173,0.7307091658157836,neutral,positive,False,positive,neutral,False,up,down,0.3319700906115435,0.7231504439191845,0.29102651686017655
NVDA,2023-08-22,2023-08-23,0.03646039014963387,0.02551295913350578,0.9380266507168603,0.010572429155608873,0.63370575940018,0.3557218114442111,positive,neutral,False,positive,positive,True,up,up,0.9015662605672264,0.34514938228860226,0.8727175203134495
AMD,2023-08-23,2023-08-24,0.8614489046343513,0.09750792547202906,0.04104316989361959,0.02487078690853263,0.9307832752569887,0.04434593783447868,negative,neutral,False,positive,neutral,False,down,down,-0.8204057347407318,0.019475150925946053,2.8306055078369887
NVDA,2023-08-23,2023-08-24,0.013101374364419625,0.8748593085950434,0.112039317040537,0.02124676140020432,0.788235974136531,0.19051726446326472,neutral,neutral,True,positive,neutral,False,flat,down,0.09893794267611739,0.1692705030630604,0.025402478420379147
AMD,2023-08-24,2023-08-25,0.04988414849093339,0.371103169528294,0.5790126819807726,0.026246246884244137,0.020945406708935785,0.9528083464068201,positive,positive,True,positive,neutral,False,up,down,0.5291285334898392,0.926562099522576,0.8103931392419991
NVDA,2023-08-24,2023-08-25,0.01869542038553176,0.8798110233173361,0.10149355629713215,0.01237752647516255,0.8668994864598518,0.12072298706498566,neutral,neutral,True,positive,neutral,False,down,down,0.08279813591160039,0.10834546058982311,0.0031076726167086084
AMD,2023-08-25,2023-08-26,0.07141416919088289,0.8728665286776986,0.05571930213141841,0.9737158324547082,0.016863447351733223,0.00942072019355862,neutral,negative,False,neutral,neutral,True,up,down,-0.015694867059464483,-0.9642951122611495,3.357342954321881
NVDA,2023-08-25,2023-08-26,0.013995759586034209,0.8378606118706194,0.1481436285433464,0.9689846553645451,0.018880676319891505,0.012134668315563337,neutral,negative,False,neutral,neutral,True,up,down,0.13414786895731218,-0.9568499870489818,3.4891301974839646
AMD,2023-08-28,2023-08-29,0.0846450587030338,0.8833526734891511,0.032002267807815024,0.03503538720362465,0.717679511274092,0.24728510152228328,neutral,neutral,True,positive,neutral,False,up,down,-0.05264279089521877,0.21224971431865863,0.19270353460208894
NVDA,2023-08-28,2023-08-29,0.01357370798741708,0.4553416958910568,0.5310845961215261,0.969838258903297,0.017849386785655626,0.012312354311047422,positive,negative,False,positive,neutral,False,up,down,0.5175108881341091,-0.9575259045922496,3.4161130057488105
AMD,2023-08-29,2023-08-30,0.04430445870741443,0.9219353049440643,0.03376023634852123,0.015743538268103055,0.09040580420476782,0.8938506575271291,neutral,positive,False,positive,neutral,False,up,down,-0.010544222358893199,0.8781071192590261,2.076120054526385
NVDA,2023-08-29,2023-08-30,0.8938673338413388,0.053702489741947274,0.052430176416713964,0.009196590529420333,0.8032466679448634,0.18755674152571625,negative,neutral,False,positive,neutral,False,up,down,-0.8414371574246248,0.1783601509962959,3.8788810037949792
AMD,2023-08-30,2023-08-31,0.968503012710481,0.016475591204127744,0.015021396085391268,0.9707182465615117,0.016379612268379112,0.012902141170109151,negative,negative,True,positive,neutral,False,down,down,-0.9534816166250898,-0.9578161053914026,0.00016804393428802655
NVDA,2023-08-30,2023-08-31,0.030743322006700404,0.920125744784686,0.0491309332086136,0.9729222138816805,0.017346114862031727,0.00973167125628771,neutral,negative,False,positive,neutral,False,up,down,0.018387611201913196,-0.9631905426253928,3.6272910006711574
AMD,2023-08-31,2023-09-01,0.029903395627287225,0.9152531214690303,0.05484348290368246,0.012931751448616892,0.8319401377422774,0.15512811080910574,neutral,neutral,True,positive,neutral,False,up,up,0.024940087276395236,0.14219635936048886,0.0553950322262503
NVDA,2023-08-31,2023-09-01,0.011385388914448881,0.1100000598002189,0.8786145512853323,0.974448104181313,0.014652673410980577,0.010899222407706407,positive,negative,False,positive,neutral,False,down,down,0.8672291623708834,-0.9635488817736066,4.027899386292471
AMD,2023-09-01,2023-09-02,0.026453989957008005,0.9171111448891478,0.05643486515384421,0.9737048112835556,0.010910707485263394,0.01538448123118102,neutral,negative,False,neutral,neutral,True,up,down,0.029980875196836204,-0.9583203300523746,4.042128170397774
NVDA,2023-09-01,2023-09-02,0.015227431629955808,0.9099863290226167,0.07478623934742748,0.3013127282848684,0.03606705528797456,0.6626202164271571,neutral,positive,False,positive,positive,True,flat,up,0.05955880771747167,0.3613074881422887,2.7288751964383273
AMD,2023-09-05,2023-09-06,0.008636872710431232,0.282012446733806,0.7093506805557628,0.031414486350810206,0.9233677948885866,0.04521771876060322,positive,neutral,False,positive,neutral,False,down,down,0.7007138078453315,0.013803232409793018,1.6071033316321648
NVDA,2023-09-05,2023-09-06,0.01516934334710513,0.8116150694917811,0.17321558716111377,0.015558226526695957,0.09070240248356172,0.8937393709897423,neutral,positive,False,positive,neutral,False,down,down,0.15804624381400864,0.8781811444630464,1.493998127129925
AMD,2023-09-06,2023-09-07,0.011149986159010465,0.33711259081560024,0.6517374230253893,0.011877177570766412,0.895201943139779,0.09292087928945465,positive,neutral,False,positive,neutral,False,down,down,0.6405874368663789,0.08104370171868824,0.9395754899925947
NVDA,2023-09-06,2023-09-07,0.9269593193642478,0.05313032367873582,0.01991035695701637,0.04969885295077117,0.020834593800757428,0.9294665532484714,negative,positive,False,negative,neutral,False,down,down,-0.9070489624072314,0.8797677002977002,2.685430235667369
AMD,2023-09-07,2023-09-08,0.00940232532432866,0.7726261572579323,0.21797151741773904,0.012590238332012659,0.8110370318744747,0.1763727297935126,neutral,neutral,True,neutral,neutral,True,down,down,0.20856919209341038,0.16378249146149992,0.005926968603415832
NVDA,2023-09-07,2023-09-08,0.007063508285615575,0.2527252657212586,0.7402112259931258,0.12987947705908637,0.04098777176789514,0.8291327511730185,positive,positive,True,positive,neutral,False,down,down,0.7331477177075103,0.6992532741139321,0.3551750392114362
AMD,2023-09-08,2023-09-09,0.03267594908954032,0.8077510866141311,0.15957296429632856,0.9715025811793937,0.0190556666851469,0.00944175213545939,neutral,negative,False,positive,neutral,False,down,down,0.12689701520678823,-0.9620608290439343,3.366880671040087
NVDA,2023-09-08,2023-09-09,0.05101071412140237,0.04981666169650842,0.8991726241820892,0.9731242713191989,0.015886559285067273,0.010989169395733807,positive,negative,False,neutral,neutral,True,down,down,0.8481619100606869,-0.9621351019234651,3.8669945307916613
AMD,2023-09-11,2023-09-12,0.01189109573292878,0.8002906329889228,0.18781827127814846,0.01082603232643669,0.8421141285643022,0.14705983910926107,neutral,neutral,True,positive,neutral,False,flat,down,0.17592717554521967,0.13623380678282437,0.006295508631130497
NVDA,2023-09-11,2023-09-12,0.011012537261307685,0.10755339124636028,0.881434071492332,0.9719330932327024,0.019013842387418288,0.009053064379879381,positive,negative,False,positive,neutral,False,down,down,0.8704215342310243,-0.962880028852823,4.172630826109806
AMD,2023-09-12,2023-09-13,0.020031447001445882,0.7433761510572167,0.2365924019413375,0.013274664677431094,0.055171153283266036,0.9315541820393028,neutral,positive,False,neutral,neutral,True,up,down,0.2165609549398916,0.9182795173618717,1.6173327068791052
NVDA,2023-09-12,2023-09-13,0.010350063751639835,0.15710337928245602,0.8325465569659042,0.021641005475551055,0.022921425042194875,0.9554375694822541,positive,positive,True,positive,neutral,False,up,down,0.8221964932142644,0.9337965640067031,0.1801381897163923
AMD,2023-09-13,2023-09-14,0.1368930421407844,0.306659239927485,0.5564477179317306,0.008790616574461747,0.10913034897500377,0.8820790344505345,positive,positive,True,positive,neutral,False,down,down,0.41955467579094624,0.8732884178760727,0.43632027429853537
NVDA,2023-09-13,2023-09-14,0.07355703249073701,0.11649817712981603,0.809944790379447,0.022600246382874938,0.025148506973418343,0.9522512466437068,positive,positive,True,positive,neutral,False,up,down,0.73638775788871,0.9296510002608318,0.13430540420894072
AMD,2023-09-14,2023-09-15,0.9377045655409099,0.05154123498073563,0.010754199478354457,0.059848388290092785,0.03265447792952963,0.9074971337803776,negative,positive,False,negative,positive,False,down,up,-0.9269503660625554,0.8476487454902848,2.5560313600738755
NVDA,2023-09-14,2023-09-15,0.5322544911813972,0.4108772240017087,0.05686828481689409,0.022016085192201617,0.049895210939007756,0.9280887038687906,negative,positive,False,positive,positive,True,down,up,-0.4753862063645031,0.906072618676589,2.40289856969424
AMD,2023-09-15,2023-09-16,0.00989134960028708,0.790212211055998,0.19989643934371493,0.9611464366583721,0.027062372003271523,0.011791191338356382,neutral,negative,False,positive,neutral,False,up,down,0.19000508974342784,-0.9493552453200157,3.18682904961247
NVDA,2023-09-15,2023-09-16,0.011150487272841876,0.4356904757550829,0.5531590369720752,0.9690385813633091,0.015967892962494824,0.014993525674196064,positive,negative,False,positive,neutral,False,up,down,0.5420085496992334,-0.954045055689113,3.3865739441409652
AMD,2023-09-18,2023-09-19,0.02439969160185011,0.715326470696844,0.26027383770130597,0.8477790055651198,0.02203478399913591,0.13018621043574438,neutral,negative,False,positive,neutral,False,down,down,0.23587414609945587,-0.7175927951293753,2.5831578275800364
NVDA,2023-09-18,2023-09-19,0.11223878954773592,0.13663590833682232,0.7511253021154418,0.9145019378057435,0.0236564752635975,0.06184158693065895,positive,negative,False,positive,neutral,False,down,down,0.6388865125677059,-0.8526603508750845,1.8797242214241752
AMD,2023-09-19,2023-09-20,0.4070681843867696,0.5583637051921035,0.03456811042112688,0.027158269019153733,0.03154349685488885,0.9412982341259574,neutral,positive,False,negative,neutral,False,down,down,-0.3725000739656427,0.9141399651068036,2.5923689643253214
NVDA,2023-09-19,2023-09-20,0.011637436127703234,0.04580662366782385,0.9425559402044729,0.9736139554295168,0.014069423762850334,0.012316620807632923,positive,negative,False,neutral,neutral,True,down,down,0.9309185040767697,-0.9612973346218838,4.0910284744867065
AMD,2023-09-20,2023-09-21,0.9485317459809298,0.038901399784813266,0.012566854234256918,0.021368147176527536,0.0308698452207543,0.9477620076027181,negative,positive,False,neutral,neutral,True,down,down,-0.9359648917466729,0.9263938604261905,3.5524630347071207
NVDA,2023-09-20,2023-09-21,0.9603434711662729,0.023415541058261498,0.016240987775465586,0.9746132405273071,0.01527991691201492,0.01010684256067796,negative,negative,True,positive,neutral,False,down,down,-0.9441024833908074,-0.9645063979666292,0.003533895762621175
AMD,2023-09-21,2023-09-22,0.023335310177297168,0.9402480318075574,0.03641665801514543,0.024879937852472413,0.8260807348820526,0.14903932726547497,neutral,neutral,True,neutral,neutral,True,flat,down,0.013081347837848263,0.12415938941300256,0.06890280575934814
NVDA,2023-09-21,2023-09-22,0.3855467804940474,0.5616528653113326,0.05280035419462,0.09329165364041221,0.021596600737952488,0.8851117456216353,neutral,positive,False,positive,positive,True,up,up,-0.3327464262994274,0.791820091981223,2.228270593948438
AMD,2023-09-22,2023-09-23,0.014606605787244079,0.8167576475255498,0.1686357466872061,0.9657643653250716,0.02159576538791728,0.012639869287011087,neutral,negative,False,neutral,neutral,True,up,down,0.15402914089996203,-0.9531244960380605,3.342847097448175
NVDA,2023-09-22,2023-09-23,0.014721004359961232,0.8908396436619596,0.09443935197807925,0.01664209530410419,0.9409624811508928,0.042395423545003,neutral,neutral,True,neutral,neutral,True,up,down,0.07971834761811801,0.025753328240898814,0.025068924988170767
AMD,2023-09-25,2023-09-26,0.14926614912551198,0.42400337982167663,0.4267304710528114,0.018706472834470328,0.8109235869282206,0.170369940237309,positive,neutral,False,neutral,neutral,True,down,down,0.2774643219272994,0.15166346740283868,0.4268831223037758
NVDA,2023-09-25,2023-09-26,0.9357609801130051,0.0481863136301915,0.016052706256803346,0.03207159307359033,0.9056981498327726,0.06223025709363701,negative,neutral,False,negative,neutral,False,down,down,-0.9197082738562018,0.03015866402004668,2.9935744619479028
AMD,2023-09-26,2023-09-27,0.010609004975157507,0.9055396400038916,0.08385135502095087,0.010172108093536384,0.7658681798179804,0.22395971208848328,neutral,neutral,True,neutral,neutral,True,up,down,0.07324235004579337,0.2137876039949469,0.06976574972309423
NVDA,2023-09-26,2023-09-27,0.007980533122581238,0.1816602091862308,0.810359257691188,0.9734553561045073,0.018386105948771724,0.008158537946721013,positive,negative,False,positive,neutral,False,up,down,0.8023787245686067,-0.9652968181577862,4.104129506534889
AMD,2023-09-27,2023-09-28,0.7312946234555334,0.23339895220483167,0.03530642433963489,0.06664890249517269,0.45564319061169595,0.47770790689313136,negative,positive,False,neutral,neutral,True,up,down,-0.6959881991158985,0.41105900439795867,1.5036212630240677
NVDA,2023-09-27,2023-09-28,0.017731326969035184,0.07796300686274818,0.9043056661682166,0.007973072378949758,0.7640023480542769,0.2280245795667733,positive,neutral,False,positive,neutral,False,up,down,0.8865743391991814,0.22005150718782354,1.0821087622371806
AMD,2023-09-28,2023-09-29,0.010293050448652207,0.8690180592356107,0.12068889031573712,0.030356675160253976,0.9282647302131002,0.04137859462664578,neutral,neutral,True,neutral,neutral,True,flat,down,0.11039583986708491,0.011021919466391805,0.060744890121736145
NVDA,2023-09-28,2023-09-29,0.04182399265444309,0.3237614200958028,0.6344145872497542,0.927442082459499,0.05203506771507736,0.020522849825423677,positive,negative,False,positive,neutral,False,up,down,0.5925905945953112,-0.9069192326340754,2.639034156621851
AMD,2023-09-29,2023-09-30,0.15083143564556348,0.5960691748878114,0.25309938946662514,0.2649055928582313,0.6740022671743467,0.061092139967421966,neutral,neutral,True,neutral,neutral,True,up,down,0.10226795382106166,-0.20381345289080932,0.20156232084959386
NVDA,2023-09-29,2023-09-30,0.11328961446979013,0.5917862521457765,0.2949241333844334,0.9716464209887129,0.019571571736737303,0.008782007274549848,neutral,negative,False,neutral,neutral,True,up,down,0.18163451891464327,-0.9628644137141631,2.810342092549011
AMD,2023-10-02,2023-10-03,0.011744766636739606,0.3218289311409325,0.6664263022223279,0.009368616045126605,0.8332182898395875,0.15741309411528598,positive,neutral,False,positive,neutral,False,down,down,0.6546815355855883,0.14804447807015939,0.658197327489422
NVDA,2023-10-02,2023-10-03,0.032541704645071355,0.046004606262021,0.9214536890929077,0.9755687299290435,0.015704989725816805,0.00872628034513966,positive,negative,False,positive,neutral,False,down,down,0.8889119844478364,-0.9668424495839039,4.23240392678388
AMD,2023-10-03,2023-10-04,0.00959563560623064,0.5426733640372079,0.4477310003565615,0.013984528011939706,0.8901369936447848,0.09587847834327543,neutral,neutral,True,neutral,neutral,True,up,down,0.4381353647503309,0.08189395033133572,0.41783750767104955
NVDA,2023-10-03,2023-10-04,0.026745206611409538,0.644225036940536,0.32902975644805443,0.019610233166812163,0.040851458149416126,0.9395383086837718,neutral,positive,False,positive,neutral,False,up,down,0.3022845498366449,0.9199280755169595,1.4399084962768693
AMD,2023-10-04,2023-10-05,0.01727886327802076,0.9127352322706509,0.06998590445132837,0.9745108893634659,0.016507715678631518,0.00898139495790263,neutral,negative,False,neutral,neutral,True,down,down,0.0527070411733076,-0.9655294944055632,3.736472362111165
NVDA,2023-10-04,2023-10-05,0.015449472001932144,0.03179971176087427,0.9527508162371936,0.014417410756195233,0.4899820381392263,0.49560055110457846,positive,positive,True,positive,neutral,False,up,down,0.9373013442352615,0.4811831403483832,0.536800617231817
AMD,2023-10-05,2023-10-06,0.013724135207654777,0.9385737121170122,0.047702152675333016,0.9671594833814547,0.020229068350489744,0.01261144826805553,neutral,negative,False,neutral,neutral,True,up,down,0.03397801746767824,-0.9545480351133993,3.6065958840032923
NVDA,2023-10-05,2023-10-06,0.023278673462202505,0.03247909789795939,0.9442422286398381,0.02994540188725954,0.9106891906300206,0.059365407482719804,positive,neutral,False,positive,neutral,False,up,down,0.9209635551776356,0.029420005595460264,2.498272690259988
NVDA,2023-10-06,2023-10-07,0.025671880979149204,0.9378051862620397,0.03652293275881111,0.9691861072966724,0.016762633563537035,0.014051259139790575,neutral,negative,False,neutral,neutral,True,down,down,0.010851051779661908,-0.9551348481568819,3.7157654231647115
AMD,2023-10-09,2023-10-10,0.03367951487243537,0.8827783995659768,0.08354208556158776,0.9730523768255755,0.012251152766791173,0.014696470407633232,neutral,negative,False,positive,neutral,False,up,down,0.0498625706891524,-0.9583559064179423,3.807936165559644
NVDA,2023-10-09,2023-10-10,0.00861840463102411,0.12781783150625606,0.8635637638627198,0.9741346849698592,0.01866360011323858,0.007201714916902196,positive,negative,False,positive,neutral,False,up,down,0.8549453592316957,-0.966932970052957,4.33884326781197
AMD,2023-10-10,2023-10-11,0.021686309585018482,0.9414813956742499,0.03683229474073154,0.972524449638658,0.016051918029011517,0.01142363233233046,neutral,negative,False,positive,neutral,False,down,down,0.015145985155713058,-0.9611008173063276,3.79400190853184
NVDA,2023-10-10,2023-10-11,0.012129084935110501,0.13588666688095777,0.8519842481839317,0.9065133469978642,0.013822729952781233,0.07966392304935457,positive,negative,False,positive,neutral,False,up,down,0.8398551632488211,-0.8268494239485097,2.277235751858835
AMD,2023-10-11,2023-10-12,0.02310054584499957,0.11893206945557212,0.8579673846994283,0.9714106484180238,0.017194656943440273,0.01139469463853585,positive,negative,False,positive,neutral,False,up,down,0.8348668388544288,-0.960015953779488,3.851274545849915
NVDA,2023-10-11,2023-10-12,0.03566964383054127,0.3503882626114964,0.6139420935579624,0.972623843189773,0.018010519780414548,0.00936563702981243,positive,negative,False,positive,neutral,False,up,down,0.5782724497274211,-0.9632582061599606,3.4900990785368897
AMD,2023-10-12,2023-10-13,0.008370433895055047,0.3189817950176923,0.6726477710872527,0.07897671262781605,0.01866359448463823,0.9023596928875457,positive,positive,True,neutral,neutral,True,down,down,0.6642773371921976,0.8233829802597297,0.6890435940599119
NVDA,2023-10-12,2023-10-13,0.8576717205937159,0.08478283124123533,0.05754544816504882,0.010609109231322127,0.7411022379536766,0.24828865281500134,negative,neutral,False,neutral,neutral,True,down,down,-0.8001262724286671,0.2376795435836792,3.499384797602818
AMD,2023-10-13,2023-10-14,0.011200003743171831,0.2866350817171887,0.7021649145396395,0.6044019573256738,0.03807793256040537,0.3575201101139208,positive,negative,False,neutral,neutral,True,up,down,0.6909649107964676,-0.246881847211753,1.0078700967889036
NVDA,2023-10-13,2023-10-14,0.016015711634824407,0.7702977399055673,0.21368654845960836,0.9737522293742972,0.016778606390140376,0.009469164235562473,neutral,negative,False,neutral,neutral,True,up,down,0.19767083682478395,-0.9642830651387347,3.547838855719507
AMD,2023-10-16,2023-10-17,0.03692519913492057,0.10959443082530097,0.8534803700397785,0.012968208206020765,0.9010520275329491,0.08597976426103011,positive,neutral,False,positive,neutral,False,down,down,0.816555170904858,0.07301155605500935,1.7666644885442795
NVDA,2023-10-16,2023-10-17,0.9711479021841146,0.019192650374263643,0.009659447441621786,0.018702562341017654,0.930069299636206,0.05122813802277631,negative,neutral,False,positive,neutral,False,down,down,-0.9614884547424928,0.03252557568175865,3.745260806075499
AMD,2023-10-17,2023-10-18,0.01367918595864914,0.7903056188876123,0.19601519515373853,0.971826033194427,0.018931489755182357,0.00924247705039064,neutral,negative,False,positive,neutral,False,down,down,0.18233600919508938,-0.9625835561440363,3.4894858111956006
NVDA,2023-10-17,2023-10-18,0.025215834691892293,0.6541152790453206,0.32066888626278706,0.017773159709018008,0.9290621730603585,0.05316466723062349,neutral,neutral,True,negative,neutral,False,down,down,0.29545305157089474,0.035391507521605484,0.3555430242105543
AMD,2023-10-18,2023-10-19,0.013601456502796535,0.8283917145838718,0.1580068289133316,0.9713377194704585,0.017293232334847704,0.011369048194693693,neutral,negative,False,neutral,neutral,True,up,down,0.14440537241053505,-0.9599686712757649,3.56296480316039
NVDA,2023-10-18,2023-10-19,0.010622269246436476,0.17804868137918442,0.8113290493743791,0.9747803178023358,0.0161705343076709,0.00904914788999331,positive,negative,False,positive,neutral,False,down,down,0.8007067801279426,-0.9657311699123424,4.026848115410408
AMD,2023-10-19,2023-10-20,0.01188159024362535,0.8335200200533873,0.15459838970298737,0.009855859977184814,0.7514124561658941,0.23873168385692106,neutral,neutral,True,neutral,neutral,True,down,down,0.14271679945936203,0.22887582387973626,0.021485014559365877
NVDA,2023-10-19,2023-10-20,0.011189308142542558,0.8931816916150789,0.09562900024237857,0.9749121505727836,0.016093131874194675,0.008994717553021798,neutral,negative,False,negative,neutral,False,down,down,0.08443969209983601,-0.9659174330197617,3.763437192366678
NVDA,2023-10-20,2023-10-21,0.01593377447103625,0.9297350679700638,0.05433115755889996,0.9721180425427484,0.01866605247807861,0.009215904979172997,neutral,negative,False,neutral,neutral,True,up,down,0.03839738308786371,-0.9629021375635753,3.664472473146455
AMD,2023-10-23,2023-10-24,0.013166329541406055,0.70336608572172,0.2834675847368739,0.9690121213314434,0.016745581046497045,0.014242297622059561,neutral,negative,False,positive,neutral,False,up,down,0.2703012551954678,-0.9547698237093839,3.4202227244842285
NVDA,2023-10-23,2023-10-24,0.02745589131831819,0.08714915310449395,0.8853949555771878,0.7982533872778197,0.14545839483073372,0.05628821789144658,positive,negative,False,positive,neutral,False,up,down,0.8579390642588697,-0.7419651693863731,2.302582895512284
AMD,2023-10-24,2023-10-25,0.061678570272401034,0.8630494621295762,0.07527196759802272,0.016043436200559338,0.8969828124302613,0.08697375136917926,neutral,neutral,True,neutral,neutral,True,down,down,0.01359339732562169,0.07093031516861992,0.03889869579166333
NVDA,2023-10-24,2023-10-25,0.024166411013960942,0.041403159884765374,0.9344304291012737,0.009367908394746056,0.637995663275922,0.35263642832933195,positive,neutral,False,positive,neutral,False,down,down,0.9102640180873127,0.3432685199345859,0.820267376493725
AMD,2023-10-25,2023-10-26,0.044211901394934194,0.15006878860243567,0.8057193100026301,0.023791612258178545,0.9417794171771147,0.0344289705647068,positive,neutral,False,neutral,neutral,True,down,down,0.7615074086076958,0.010637358306528254,2.2920701451155137
NVDA,2023-10-25,2023-10-26,0.1979901463092842,0.7263014804377931,0.07570837325292269,0.9729899222384575,0.018027212571504782,0.008982865190037704,neutral,negative,False,positive,neutral,False,down,down,-0.1222817730563615,-0.9640070570484198,2.530616780730592
AMD,2023-10-26,2023-10-27,0.035959213193888555,0.05830551789224667,0.9057352689138648,0.03765437519752887,0.019900669153804673,0.9424449556486665,positive,positive,True,positive,neutral,False,up,down,0.8697760557199763,0.9047905804511376,0.025033442156981445
NVDA,2023-10-26,2023-10-27,0.8850618867180539,0.030504568274894048,0.08443354500705208,0.9728599696153778,0.017990160565914952,0.009149869818707277,negative,negative,True,positive,neutral,False,up,down,-0.8006283417110018,-0.9637100997966705,0.12002688654333954
NVDA,2023-10-27,2023-10-28,0.03263224399986399,0.9393181048507271,0.028049651149408893,0.029318086972719624,0.022725167303383004,0.9479567457238973,neutral,positive,False,neutral,positive,False,up,up,-0.004582592850455095,0.9186386587511777,3.400593209175075
AMD,2023-10-30,2023-10-31,0.022226311597620122,0.047639437729707926,0.930134250672672,0.029583832524566284,0.46453723744058273,0.505878930034851,positive,positive,True,positive,neutral,False,up,down,0.9079079390750519,0.47629509751028465,0.45163233232957795
NVDA,2023-10-30,2023-10-31,0.9710148482488948,0.014550886912728782,0.01443426483837641,0.023678766166588486,0.04428175017510401,0.9320394836583075,negative,positive,False,positive,neutral,False,down,down,-0.9565805834105184,0.908360717491719,3.5297663866504605
AMD,2023-10-31,2023-11-01,0.04728183789666359,0.14827744331335777,0.8044407187899787,0.018339350084212707,0.8548360992401676,0.1268245506756197,positive,neutral,False,positive,positive,True,up,up,0.7571588808933151,0.108485200591407,1.271101113958183
NVDA,2023-10-31,2023-11-01,0.7215051135589009,0.05026662778407292,0.2282282586570262,0.9341165688853436,0.03917238350161298,0.026711047613043517,negative,negative,True,positive,neutral,False,up,down,-0.4932768549018747,-0.9074055212723,0.3158087818329333
AMD,2023-11-01,2023-11-02,0.04655932990253221,0.07880444050280586,0.8746362295946619,0.01850133716790904,0.04514431180603203,0.9363543510260589,positive,positive,True,positive,neutral,False,down,down,0.8280768996921297,0.9178530138581499,0.027233353521270882
NVDA,2023-11-01,2023-11-02,0.5317913293838501,0.13454458117485046,0.33366408944129944,0.026921811735633145,0.8385886313161599,0.13448955694820697,negative,neutral,False,positive,neutral,False,up,down,-0.19812723994255066,0.10756774521257383,1.6434909998296774
AMD,2023-11-02,2023-11-03,0.009610783201335559,0.5580330428700927,0.4323561739285718,0.025810087808515677,0.9347732841324828,0.0394166280590015,neutral,neutral,True,positive,neutral,False,up,down,0.4227453907272362,0.013606540250485823,0.7381441820386502
NVDA,2023-11-02,2023-11-03,0.44649067424208866,0.022561736712634083,0.5309475890452773,0.9696785906948749,0.009006234909471668,0.021315174395653343,positive,negative,False,positive,neutral,False,up,down,0.08445691480318862,-0.9483634162992216,1.381571275670161
AMD,2023-11-03,2023-11-04,0.017459088513686973,0.9044667263365026,0.07807418514981045,0.9732594186248472,0.018278823971119476,0.008461757404033305,neutral,negative,False,neutral,neutral,True,down,down,0.060615096636123474,-0.9647976612208139,3.6321589628974817
NVDA,2023-11-03,2023-11-04,0.017914655815581926,0.9062862024860523,0.07579914169836581,0.011544851031219388,0.07152557606193717,0.9169295729068434,neutral,positive,False,neutral,neutral,True,up,down,0.05788448588278389,0.905384721875624,2.1202409500322785
AMD,2023-11-06,2023-11-07,0.02202504451516916,0.03578546190741371,0.9421894935774171,0.018383687738740006,0.02707413266937334,0.9545421795918867,positive,positive,True,positive,neutral,False,up,up,0.9201644490622479,0.9361584918531467,0.0016906952151380106
NVDA,2023-11-06,2023-11-07,0.01906317343006055,0.0303040472508683,0.9506327793190712,0.01707635327913504,0.9320057399051647,0.05091790681570031,positive,neutral,False,positive,neutral,False,up,down,0.9315696058890106,0.033841553536565275,2.6806943614111582
AMD,2023-11-07,2023-11-08,0.023471256079515758,0.9259657746684583,0.05056296925202597,0.007902343149951752,0.19717843148470948,0.7949192253653388,neutral,positive,False,neutral,neutral,True,up,down,0.02709171317251021,0.787016882215387,1.3184665559121034
NVDA,2023-11-07,2023-11-08,0.02547945510494003,0.02947844099886807,0.9450421038961919,0.9686937512586592,0.016871068940890376,0.014435179800450426,positive,negative,False,positive,neutral,False,up,down,0.9195626487912519,-0.9542585714582088,3.8755059164557903
AMD,2023-11-08,2023-11-09,0.010785991986075617,0.3711506929052354,0.6180633151086891,0.013673068418973238,0.9227280287114613,0.0635989028695654,positive,neutral,False,positive,neutral,False,flat,down,0.6072773231226134,0.04992583445059216,1.0648977497438223
NVDA,2023-11-08,2023-11-09,0.009329819825873416,0.23547344829672048,0.7551967318774061,0.9646020458425838,0.02761753643163809,0.007780417725778073,positive,negative,False,positive,neutral,False,up,down,0.7458669120515327,-0.9568216281168057,3.916681051393608
AMD,2023-11-09,2023-11-10,0.018308366911099928,0.5083626244081032,0.4733290086807968,0.00969926984014303,0.24757633365463216,0.7427243965052248,neutral,positive,False,neutral,neutral,True,up,down,0.45502064176969687,0.7330251266650818,0.16413522380328133
NVDA,2023-11-09,2023-11-10,0.06061734959023185,0.13972811296784793,0.7996545374419202,0.9569216645796039,0.015018898490182734,0.028059436930213375,positive,negative,False,positive,neutral,False,up,down,0.7390371878516884,-0.9288622276493905,2.823122882876092
NVDA,2023-11-10,2023-11-11,0.0154446601889485,0.4360191384374596,0.5485362013735919,0.04622441745476878,0.016200675452159505,0.9375749070930717,positive,positive,True,positive,positive,True,up,up,0.5330915411846434,0.8913504896383029,1.1246807647077521
AMD,2023-11-13,2023-11-14,0.03865256675168474,0.1950186076749201,0.7663288255733952,0.023752728207219794,0.8930226567179256,0.08322461507485461,positive,neutral,False,positive,neutral,False,up,up,0.7276762588217105,0.05947188686763481,1.4233986760774626
NVDA,2023-11-13,2023-11-14,0.02581825203516528,0.1694157782724417,0.804765969692393,0.02008840319049145,0.18713230487191898,0.7927792919375896,positive,positive,True,positive,neutral,False,up,up,0.7789477176572277,0.7726908887470981,0.001705562371783085
AMD,2023-11-14,2023-11-15,0.016099870264902227,0.9407473241565649,0.043152805578532835,0.011624634839954833,0.8309677583892494,0.15740760677079574,neutral,neutral,True,neutral,neutral,True,down,up,0.027052935313630608,0.14578297193084092,0.06613111870452988
NVDA,2023-11-14,2023-11-15,0.008115231187975901,0.15337209646340985,0.8385126723486143,0.010971336962705589,0.3482163059442659,0.6408123570930285,positive,positive,True,positive,neutral,False,down,down,0.8303974411606384,0.629841020130323,0.09726459938245978
AMD,2023-11-15,2023-11-16,0.01795036622259745,0.8013056323588864,0.1807440014185161,0.9692836746878732,0.018706296301297155,0.012010029010829612,neutral,negative,False,positive,neutral,False,up,down,0.16279363519591866,-0.9572736456770436,3.4292668923040774
NVDA,2023-11-15,2023-11-16,0.015759966739119214,0.043739984208122425,0.9405000490527584,0.9613747650461724,0.02749046326143926,0.011134771692388346,positive,negative,False,positive,neutral,False,up,down,0.9247400823136392,-0.9502399933537841,4.127903322630914
AMD,2023-11-16,2023-11-17,0.01074206220255875,0.9198089409708539,0.0694489968265874,0.021340143809994987,0.916782774346361,0.06187708184364401,neutral,neutral,True,neutral,neutral,True,up,down,0.058706934624028644,0.04053693803364902,0.0036749418406677938
NVDA,2023-11-16,2023-11-17,0.008450918886024908,0.08862274942953069,0.9029263316844444,0.9708651493406559,0.017099867789545982,0.012034982869798105,positive,negative,False,positive,neutral,False,down,down,0.8944754127984195,-0.9588301664708578,4.004398544929159
AMD,2023-11-17,2023-11-18,0.011243787458008865,0.8977598439241965,0.09099636861779467,0.034412724444791556,0.9024156105763157,0.06317166497889279,neutral,neutral,True,neutral,neutral,True,up,down,0.07975258115978581,0.028758940534101232,0.01598921872413785
NVDA,2023-11-17,2023-11-18,0.014585103628235396,0.8725425435646947,0.11287235280706985,0.009157262264930934,0.2642946999515377,0.7265480377835314,neutral,positive,False,neutral,neutral,True,up,down,0.09828724917883445,0.7173907755186004,0.8387333156318831
AMD,2023-11-20,2023-11-21,0.7793533221368997,0.18457538004402965,0.03607129781907068,0.022727615242330638,0.9330705207970402,0.04420186396062909,negative,neutral,False,positive,neutral,False,down,down,-0.743282024317829,0.021474248718298453,2.448501066513113
NVDA,2023-11-20,2023-11-21,0.037396118844604136,0.2863359525313415,0.6762679286240544,0.017404318129994743,0.9227449051765718,0.059850776693433416,positive,neutral,False,negative,neutral,False,down,down,0.6388718097794502,0.04244645856343868,1.3333062178990303
AMD,2023-11-21,2023-11-22,0.01833934981093508,0.06871849618472607,0.9129421540043389,0.029478493148711295,0.020591345336386693,0.9499301615149021,positive,positive,True,positive,neutral,False,up,down,0.8946028041934038,0.9204516683661907,0.037853489563309854
NVDA,2023-11-21,2023-11-22,0.7890830996905833,0.06375385630864333,0.14716304400077332,0.027667259848988168,0.03468283272289267,0.9376499074281192,negative,positive,False,positive,neutral,False,down,up,-0.64192005568981,0.9099826475791309,2.410209725674329
AMD,2023-11-22,2023-11-23,0.009427310881340297,0.7372641549682912,0.25330853415036847,0.03614062178554004,0.6281137057576688,0.33574567245679116,neutral,neutral,True,positive,neutral,False,down,down,0.24388122326902817,0.2996050506712511,0.03409110419970299
NVDA,2023-11-22,2023-11-23,0.009549881586999633,0.8330183035606602,0.1574318148523402,0.01987400349957103,0.26275254758944927,0.7173734489109798,neutral,positive,False,positive,neutral,False,down,down,0.14788193326534058,0.6974994454114087,0.7154115721364372
NVDA,2023-11-24,2023-11-25,0.013137672281453378,0.9155353979695037,0.07132692974904299,0.9699859339273607,0.017532554095275134,0.012481511977364234,neutral,negative,False,positive,neutral,False,up,down,0.058189257467589614,-0.9575044219499964,3.6891632065800444
AMD,2023-11-27,2023-11-28,0.009923627692494798,0.8312070447132648,0.15886932759424044,0.012549082620032216,0.8907072452848966,0.09674367209507116,neutral,neutral,True,positive,neutral,False,down,up,0.14894569990174564,0.08419458947503894,0.019005470080947398
NVDA,2023-11-27,2023-11-28,0.008617502918106134,0.8301511081450514,0.16123138893684244,0.012606644529531837,0.08203316032820684,0.9053601951422613,neutral,positive,False,positive,neutral,False,down,down,0.1526138860187363,0.8927535506127294,1.63988973739655
AMD,2023-11-28,2023-11-29,0.03225362937792143,0.9159818580603721,0.0517645125617064,0.12299970366062941,0.7638881829464299,0.11311211339294065,neutral,neutral,True,positive,neutral,False,up,up,0.019510883183784973,-0.009887590267688762,0.08268338496810484
NVDA,2023-11-28,2023-11-29,0.02065208250980356,0.029518545663606045,0.9498293718265904,0.9727958107470335,0.017801946509868324,0.009402242743098213,positive,negative,False,positive,neutral,False,up,down,0.9291772893167869,-0.9633935680039353,4.319148532680603
AMD,2023-11-29,2023-11-30,0.03994188800497436,0.057657982724473006,0.9024001292705526,0.04056605223636679,0.6335272021721663,0.32590674559146693,positive,neutral,False,neutral,neutral,True,down,down,0.8624582412655782,0.28534069335510015,0.7802339649566099
NVDA,2023-11-29,2023-11-30,0.3460778737331387,0.23783937523487023,0.41608275103199105,0.015464364795847053,0.9271450189514694,0.057390616252683546,positive,neutral,False,positive,neutral,False,down,down,0.07000487729885235,0.0419262514568365,1.5763308793489366
AMD,2023-11-30,2023-12-01,0.019056607783192327,0.025835308325554196,0.9551080838912535,0.972360636481922,0.016252317957317353,0.011387045560760686,positive,negative,False,positive,neutral,False,up,down,0.9360514761080612,-0.9609735909211613,4.167544521057642
NVDA,2023-11-30,2023-12-01,0.020900227285178208,0.8851393527175437,0.093960419997278,0.9722731511853809,0.018515773876285228,0.00921107493833387,neutral,negative,False,positive,neutral,False,flat,down,0.07306019271209979,-0.9630620762470471,3.560907621655082
AMD,2023-12-01,2023-12-02,0.02272685668006964,0.9417020292960561,0.03557111402387427,0.9732683679476,0.016401592275464706,0.010330039776935284,neutral,negative,False,neutral,neutral,True,down,down,0.012844257343804632,-0.9629383281706647,3.772781139163696
NVDA,2023-12-01,2023-12-02,0.014061555790214083,0.9338456144126361,0.05209282979714981,0.0758320950500025,0.022129851253002635,0.9020380536969949,neutral,positive,False,neutral,neutral,True,down,up,0.03803127400693573,0.8262059586469923,3.322564352808058
AMD,2023-12-04,2023-12-05,0.009380612766982203,0.8255365110142364,0.16508287621878137,0.01493454424347384,0.9299412224040773,0.05512423335244892,neutral,neutral,True,neutral,neutral,True,down,up,0.15570226345179916,0.04018968910897508,0.07839882094387503
NVDA,2023-12-04,2023-12-05,0.020279506648664822,0.6056140828629301,0.3741064104884051,0.015293452148084053,0.7968296022758453,0.18787694557607065,neutral,neutral,True,positive,neutral,False,up,down,0.35382690383974025,0.1725834934279866,0.09721030138789243
AMD,2023-12-05,2023-12-06,0.01269168267494475,0.725528690688667,0.2617796266363883,0.020904326584156075,0.02437998917691325,0.9547156842389307,neutral,positive,False,neutral,neutral,True,down,down,0.24908794396144357,0.9338113576547746,2.1167662361536284
NVDA,2023-12-05,2023-12-06,0.9496677624024573,0.03043047558997358,0.019901762007569098,0.9701407949311612,0.018170063197131065,0.011689141871707739,negative,negative,True,positive,neutral,False,down,down,-0.9297660003948882,-0.9584516530594535,0.006027267043219934
AMD,2023-12-06,2023-12-07,0.0512887236590196,0.027026897145284914,0.9216843791956955,0.0324438816995969,0.030269543329188558,0.9372865749712146,positive,positive,True,positive,neutral,False,up,down,0.8703956555366759,0.9048426932716177,0.0049541198507853604
NVDA,2023-12-06,2023-12-07,0.024439310518432535,0.26194664689555774,0.7136140425860097,0.40103763491301847,0.025973733611307045,0.5729886314756745,positive,positive,True,positive,neutral,False,up,down,0.6891747320675772,0.171950996562656,0.693616727079744
AMD,2023-12-07,2023-12-08,0.2357075021732227,0.5614367378400298,0.2028557599867475,0.9750566896971932,0.015347564307086834,0.009595745995719992,neutral,negative,False,positive,positive,True,up,up,-0.032851742186475186,-0.9654609437014732,2.305181763484279
NVDA,2023-12-07,2023-12-08,0.5144082903862,0.4053303599357605,0.08026134967803955,0.7740978386973087,0.08406155131046751,0.14184060999222375,negative,negative,True,positive,neutral,False,up,down,-0.4341469407081604,-0.6322572287050849,0.3817157693173023
AMD,2023-12-08,2023-12-09,0.02114011038962114,0.8552837474014682,0.12357614220891072,0.0371896407974817,0.05800509933391771,0.9048052598686006,neutral,positive,False,neutral,neutral,True,up,down,0.10243603181928958,0.867615619071119,2.0435208146303365
NVDA,2023-12-08,2023-12-09,0.017423619039227563,0.9135795473868282,0.06899683357394425,0.01515606021755091,0.0868525991735769,0.8979913406088722,neutral,positive,False,neutral,neutral,True,down,down,0.05157321453471668,0.8828352803913213,1.9751735981289344
AMD,2023-12-11,2023-12-12,0.010657061852487909,0.9177320625197107,0.07161087562780141,0.04101946508665535,0.019953658469798182,0.9390268764435464,neutral,positive,False,neutral,positive,False,up,up,0.0609538137753135,0.8980074113568911,3.3148693601345536
NVDA,2023-12-11,2023-12-12,0.02228122867090761,0.8232200529063145,0.15449871842277788,0.9726500246657502,0.013398634015703358,0.013951341318546398,neutral,negative,False,positive,neutral,False,up,down,0.13221748975187025,-0.9586986833472039,3.677447479121492
AMD,2023-12-12,2023-12-13,0.011495300408137617,0.8270040709006535,0.1615006286912088,0.00929281703751141,0.11140846813832216,0.8792987148241664,neutral,positive,False,positive,neutral,False,up,down,0.15000532828307117,0.870005897786655,1.3865810714861215
NVDA,2023-12-12,2023-12-13,0.027698921400853338,0.21495896858109678,0.7573421100180499,0.9716305514362178,0.0189421179659752,0.009427330597806951,positive,negative,False,positive,neutral,False,up,down,0.7296431886171966,-0.9622032208384108,3.7454624367589022
AMD,2023-12-13,2023-12-14,0.019908338146237953,0.9060677846898081,0.07402387716395398,0.9739658200220547,0.01683140353548749,0.009202776442457823,neutral,negative,False,neutral,neutral,True,down,down,0.05411553901771603,-0.9647630435795969,3.688349255837908
NVDA,2023-12-13,2023-12-14,0.07621736625760211,0.0434841018006626,0.8802985319417352,0.9669264888169989,0.02454103427754554,0.008532476905455482,positive,negative,False,positive,neutral,False,up,down,0.8040811656841331,-0.9583940119115435,3.9126420204783843
AMD,2023-12-14,2023-12-15,0.024492517934861263,0.9417661148156786,0.03374136724946016,0.025551163285355557,0.9453072686158326,0.02914156809881186,neutral,neutral,True,neutral,neutral,True,up,down,0.009248849314598899,0.0035904048134563042,0.0003741828257623559
NVDA,2023-12-14,2023-12-15,0.023489027515380755,0.86468109891769,0.11182987356692929,0.9697920869774292,0.020424689889837075,0.00978322313273364,neutral,negative,False,positive,neutral,False,up,down,0.08834084605154854,-0.9600088638446956,3.4238237748061597
