run_id,step,epoch,loss,eval_loss,learning_rate,trainer_state_path
2026-04-30_15-49-24_spy-qqq_gpt2_spy-qqq-baseline,10,0.05673758865248227,3.727233123779297,,2.25e-05,runs\2026-04-30_15-49-24_spy-qqq_gpt2_spy-qqq-baseline\models\gpt2-financial-narrative-clean\checkpoint-531\trainer_state.json
2026-04-30_15-49-24_spy-qqq_gpt2_spy-qqq-baseline,20,0.11347517730496454,3.324493408203125,,4.75e-05,runs\2026-04-30_15-49-24_spy-qqq_gpt2_spy-qqq-baseline\models\gpt2-financial-narrative-clean\checkpoint-531\trainer_state.json
2026-04-30_15-49-24_spy-qqq_gpt2_spy-qqq-baseline,30,0.1702127659574468,2.9711538314819337,,4.911937377690802e-05,runs\2026-04-30_15-49-24_spy-qqq_gpt2_spy-qqq-baseline\models\gpt2-financial-narrative-clean\checkpoint-531\trainer_state.json
2026-04-30_15-49-24_spy-qqq_gpt2_spy-qqq-baseline,40,0.22695035460992907,2.8546379089355467,,4.8140900195694716e-05,runs\2026-04-30_15-49-24_spy-qqq_gpt2_spy-qqq-baseline\models\gpt2-financial-narrative-clean\checkpoint-531\trainer_state.json
2026-04-30_15-49-24_spy-qqq_gpt2_spy-qqq-baseline,50,0.28368794326241137,2.760980415344238,,4.7162426614481406e-05,runs\2026-04-30_15-49-24_spy-qqq_gpt2_spy-qqq-baseline\models\gpt2-financial-narrative-clean\checkpoint-531\trainer_state.json
2026-04-30_15-49-24_spy-qqq_gpt2_spy-qqq-baseline,50,0.28368794326241137,,3.178189516067505,,runs\2026-04-30_15-49-24_spy-qqq_gpt2_spy-qqq-baseline\models\gpt2-financial-narrative-clean\checkpoint-531\trainer_state.json
2026-04-30_15-49-24_spy-qqq_gpt2_spy-qqq-baseline,60,0.3404255319148936,2.956596565246582,,4.61839530332681e-05,runs\2026-04-30_15-49-24_spy-qqq_gpt2_spy-qqq-baseline\models\gpt2-financial-narrative-clean\checkpoint-531\trainer_state.json
2026-04-30_15-49-24_spy-qqq_gpt2_spy-qqq-baseline,70,0.3971631205673759,2.7266075134277346,,4.520547945205479e-05,runs\2026-04-30_15-49-24_spy-qqq_gpt2_spy-qqq-baseline\models\gpt2-financial-narrative-clean\checkpoint-531\trainer_state.json
2026-04-30_15-49-24_spy-qqq_gpt2_spy-qqq-baseline,80,0.45390070921985815,2.7672727584838865,,4.422700587084149e-05,runs\2026-04-30_15-49-24_spy-qqq_gpt2_spy-qqq-baseline\models\gpt2-financial-narrative-clean\checkpoint-531\trainer_state.json
2026-04-30_15-49-24_spy-qqq_gpt2_spy-qqq-baseline,90,0.5106382978723404,2.5469579696655273,,4.3248532289628176e-05,runs\2026-04-30_15-49-24_spy-qqq_gpt2_spy-qqq-baseline\models\gpt2-financial-narrative-clean\checkpoint-531\trainer_state.json
2026-04-30_15-49-24_spy-qqq_gpt2_spy-qqq-baseline,100,0.5673758865248227,2.6647293090820314,,4.227005870841487e-05,runs\2026-04-30_15-49-24_spy-qqq_gpt2_spy-qqq-baseline\models\gpt2-financial-narrative-clean\checkpoint-531\trainer_state.json
2026-04-30_15-49-24_spy-qqq_gpt2_spy-qqq-baseline,100,0.5673758865248227,,2.955421209335327,,runs\2026-04-30_15-49-24_spy-qqq_gpt2_spy-qqq-baseline\models\gpt2-financial-narrative-clean\checkpoint-531\trainer_state.json
2026-04-30_15-49-24_spy-qqq_gpt2_spy-qqq-baseline,110,0.624113475177305,2.661983871459961,,4.129158512720156e-05,runs\2026-04-30_15-49-24_spy-qqq_gpt2_spy-qqq-baseline\models\gpt2-financial-narrative-clean\checkpoint-531\trainer_state.json
2026-04-30_15-49-24_spy-qqq_gpt2_spy-qqq-baseline,120,0.6808510638297872,2.7703678131103517,,4.031311154598826e-05,runs\2026-04-30_15-49-24_spy-qqq_gpt2_spy-qqq-baseline\models\gpt2-financial-narrative-clean\checkpoint-531\trainer_state.json
2026-04-30_15-49-24_spy-qqq_gpt2_spy-qqq-baseline,130,0.7375886524822695,2.745777893066406,,3.933463796477495e-05,runs\2026-04-30_15-49-24_spy-qqq_gpt2_spy-qqq-baseline\models\gpt2-financial-narrative-clean\checkpoint-531\trainer_state.json
2026-04-30_15-49-24_spy-qqq_gpt2_spy-qqq-baseline,140,0.7943262411347518,2.4670629501342773,,3.8356164383561644e-05,runs\2026-04-30_15-49-24_spy-qqq_gpt2_spy-qqq-baseline\models\gpt2-financial-narrative-clean\checkpoint-531\trainer_state.json
2026-04-30_15-49-24_spy-qqq_gpt2_spy-qqq-baseline,150,0.851063829787234,2.447693634033203,,3.737769080234834e-05,runs\2026-04-30_15-49-24_spy-qqq_gpt2_spy-qqq-baseline\models\gpt2-financial-narrative-clean\checkpoint-531\trainer_state.json
2026-04-30_15-49-24_spy-qqq_gpt2_spy-qqq-baseline,150,0.851063829787234,,2.850926160812378,,runs\2026-04-30_15-49-24_spy-qqq_gpt2_spy-qqq-baseline\models\gpt2-financial-narrative-clean\checkpoint-531\trainer_state.json
2026-04-30_15-49-24_spy-qqq_gpt2_spy-qqq-baseline,160,0.9078014184397163,2.6423887252807616,,3.639921722113503e-05,runs\2026-04-30_15-49-24_spy-qqq_gpt2_spy-qqq-baseline\models\gpt2-financial-narrative-clean\checkpoint-531\trainer_state.json
2026-04-30_15-49-24_spy-qqq_gpt2_spy-qqq-baseline,170,0.9645390070921985,2.608501434326172,,3.5420743639921725e-05,runs\2026-04-30_15-49-24_spy-qqq_gpt2_spy-qqq-baseline\models\gpt2-financial-narrative-clean\checkpoint-531\trainer_state.json
2026-04-30_15-49-24_spy-qqq_gpt2_spy-qqq-baseline,180,1.0170212765957447,2.508847236633301,,3.4442270058708414e-05,runs\2026-04-30_15-49-24_spy-qqq_gpt2_spy-qqq-baseline\models\gpt2-financial-narrative-clean\checkpoint-531\trainer_state.json
2026-04-30_15-49-24_spy-qqq_gpt2_spy-qqq-baseline,190,1.073758865248227,2.4218334197998046,,3.346379647749511e-05,runs\2026-04-30_15-49-24_spy-qqq_gpt2_spy-qqq-baseline\models\gpt2-financial-narrative-clean\checkpoint-531\trainer_state.json
2026-04-30_15-49-24_spy-qqq_gpt2_spy-qqq-baseline,200,1.1304964539007092,2.2742137908935547,,3.24853228962818e-05,runs\2026-04-30_15-49-24_spy-qqq_gpt2_spy-qqq-baseline\models\gpt2-financial-narrative-clean\checkpoint-531\trainer_state.json
2026-04-30_15-49-24_spy-qqq_gpt2_spy-qqq-baseline,200,1.1304964539007092,,2.8206303119659424,,runs\2026-04-30_15-49-24_spy-qqq_gpt2_spy-qqq-baseline\models\gpt2-financial-narrative-clean\checkpoint-531\trainer_state.json
2026-04-30_15-49-24_spy-qqq_gpt2_spy-qqq-baseline,210,1.1872340425531915,2.2136707305908203,,3.1506849315068496e-05,runs\2026-04-30_15-49-24_spy-qqq_gpt2_spy-qqq-baseline\models\gpt2-financial-narrative-clean\checkpoint-531\trainer_state.json
2026-04-30_15-49-24_spy-qqq_gpt2_spy-qqq-baseline,220,1.2439716312056737,2.3450111389160155,,3.0528375733855185e-05,runs\2026-04-30_15-49-24_spy-qqq_gpt2_spy-qqq-baseline\models\gpt2-financial-narrative-clean\checkpoint-531\trainer_state.json
2026-04-30_15-49-24_spy-qqq_gpt2_spy-qqq-baseline,230,1.300709219858156,2.1840793609619142,,2.9549902152641878e-05,runs\2026-04-30_15-49-24_spy-qqq_gpt2_spy-qqq-baseline\models\gpt2-financial-narrative-clean\checkpoint-531\trainer_state.json
2026-04-30_15-49-24_spy-qqq_gpt2_spy-qqq-baseline,240,1.3574468085106384,2.175497817993164,,2.857142857142857e-05,runs\2026-04-30_15-49-24_spy-qqq_gpt2_spy-qqq-baseline\models\gpt2-financial-narrative-clean\checkpoint-531\trainer_state.json
2026-04-30_15-49-24_spy-qqq_gpt2_spy-qqq-baseline,250,1.4141843971631205,2.312614631652832,,2.7592954990215264e-05,runs\2026-04-30_15-49-24_spy-qqq_gpt2_spy-qqq-baseline\models\gpt2-financial-narrative-clean\checkpoint-531\trainer_state.json
2026-04-30_15-49-24_spy-qqq_gpt2_spy-qqq-baseline,250,1.4141843971631205,,2.780999183654785,,runs\2026-04-30_15-49-24_spy-qqq_gpt2_spy-qqq-baseline\models\gpt2-financial-narrative-clean\checkpoint-531\trainer_state.json
2026-04-30_15-49-24_spy-qqq_gpt2_spy-qqq-baseline,260,1.4709219858156029,2.268514060974121,,2.6614481409001956e-05,runs\2026-04-30_15-49-24_spy-qqq_gpt2_spy-qqq-baseline\models\gpt2-financial-narrative-clean\checkpoint-531\trainer_state.json
2026-04-30_15-49-24_spy-qqq_gpt2_spy-qqq-baseline,270,1.527659574468085,2.148711013793945,,2.563600782778865e-05,runs\2026-04-30_15-49-24_spy-qqq_gpt2_spy-qqq-baseline\models\gpt2-financial-narrative-clean\checkpoint-531\trainer_state.json
2026-04-30_15-49-24_spy-qqq_gpt2_spy-qqq-baseline,280,1.5843971631205673,2.1828121185302733,,2.4657534246575342e-05,runs\2026-04-30_15-49-24_spy-qqq_gpt2_spy-qqq-baseline\models\gpt2-financial-narrative-clean\checkpoint-531\trainer_state.json
2026-04-30_15-49-24_spy-qqq_gpt2_spy-qqq-baseline,290,1.6411347517730497,2.203139877319336,,2.3679060665362035e-05,runs\2026-04-30_15-49-24_spy-qqq_gpt2_spy-qqq-baseline\models\gpt2-financial-narrative-clean\checkpoint-531\trainer_state.json
2026-04-30_15-49-24_spy-qqq_gpt2_spy-qqq-baseline,300,1.697872340425532,2.3563539505004885,,2.2700587084148727e-05,runs\2026-04-30_15-49-24_spy-qqq_gpt2_spy-qqq-baseline\models\gpt2-financial-narrative-clean\checkpoint-531\trainer_state.json
2026-04-30_15-49-24_spy-qqq_gpt2_spy-qqq-baseline,300,1.697872340425532,,2.7423036098480225,,runs\2026-04-30_15-49-24_spy-qqq_gpt2_spy-qqq-baseline\models\gpt2-financial-narrative-clean\checkpoint-531\trainer_state.json
2026-04-30_15-49-24_spy-qqq_gpt2_spy-qqq-baseline,310,1.7546099290780142,2.1982114791870115,,2.172211350293542e-05,runs\2026-04-30_15-49-24_spy-qqq_gpt2_spy-qqq-baseline\models\gpt2-financial-narrative-clean\checkpoint-531\trainer_state.json
2026-04-30_15-49-24_spy-qqq_gpt2_spy-qqq-baseline,320,1.8113475177304963,2.1122560501098633,,2.0743639921722113e-05,runs\2026-04-30_15-49-24_spy-qqq_gpt2_spy-qqq-baseline\models\gpt2-financial-narrative-clean\checkpoint-531\trainer_state.json
2026-04-30_15-49-24_spy-qqq_gpt2_spy-qqq-baseline,330,1.8680851063829786,2.4635684967041014,,1.9765166340508805e-05,runs\2026-04-30_15-49-24_spy-qqq_gpt2_spy-qqq-baseline\models\gpt2-financial-narrative-clean\checkpoint-531\trainer_state.json
2026-04-30_15-49-24_spy-qqq_gpt2_spy-qqq-baseline,340,1.924822695035461,2.1488632202148437,,1.8786692759295498e-05,runs\2026-04-30_15-49-24_spy-qqq_gpt2_spy-qqq-baseline\models\gpt2-financial-narrative-clean\checkpoint-531\trainer_state.json
2026-04-30_15-49-24_spy-qqq_gpt2_spy-qqq-baseline,350,1.9815602836879433,2.278995323181152,,1.780821917808219e-05,runs\2026-04-30_15-49-24_spy-qqq_gpt2_spy-qqq-baseline\models\gpt2-financial-narrative-clean\checkpoint-531\trainer_state.json
2026-04-30_15-49-24_spy-qqq_gpt2_spy-qqq-baseline,350,1.9815602836879433,,2.714500665664673,,runs\2026-04-30_15-49-24_spy-qqq_gpt2_spy-qqq-baseline\models\gpt2-financial-narrative-clean\checkpoint-531\trainer_state.json
2026-04-30_15-49-24_spy-qqq_gpt2_spy-qqq-baseline,360,2.0340425531914894,2.110160064697266,,1.6829745596868884e-05,runs\2026-04-30_15-49-24_spy-qqq_gpt2_spy-qqq-baseline\models\gpt2-financial-narrative-clean\checkpoint-531\trainer_state.json
2026-04-30_15-49-24_spy-qqq_gpt2_spy-qqq-baseline,370,2.0907801418439718,2.2518947601318358,,1.5851272015655576e-05,runs\2026-04-30_15-49-24_spy-qqq_gpt2_spy-qqq-baseline\models\gpt2-financial-narrative-clean\checkpoint-531\trainer_state.json
2026-04-30_15-49-24_spy-qqq_gpt2_spy-qqq-baseline,380,2.147517730496454,2.1319902420043944,,1.4872798434442269e-05,runs\2026-04-30_15-49-24_spy-qqq_gpt2_spy-qqq-baseline\models\gpt2-financial-narrative-clean\checkpoint-531\trainer_state.json
2026-04-30_15-49-24_spy-qqq_gpt2_spy-qqq-baseline,390,2.204255319148936,2.110917091369629,,1.3894324853228964e-05,runs\2026-04-30_15-49-24_spy-qqq_gpt2_spy-qqq-baseline\models\gpt2-financial-narrative-clean\checkpoint-531\trainer_state.json
2026-04-30_15-49-24_spy-qqq_gpt2_spy-qqq-baseline,400,2.2609929078014184,2.073888969421387,,1.2915851272015656e-05,runs\2026-04-30_15-49-24_spy-qqq_gpt2_spy-qqq-baseline\models\gpt2-financial-narrative-clean\checkpoint-531\trainer_state.json
2026-04-30_15-49-24_spy-qqq_gpt2_spy-qqq-baseline,400,2.2609929078014184,,2.709258794784546,,runs\2026-04-30_15-49-24_spy-qqq_gpt2_spy-qqq-baseline\models\gpt2-financial-narrative-clean\checkpoint-531\trainer_state.json
2026-04-30_15-49-24_spy-qqq_gpt2_spy-qqq-baseline,410,2.3177304964539007,2.0217636108398436,,1.1937377690802349e-05,runs\2026-04-30_15-49-24_spy-qqq_gpt2_spy-qqq-baseline\models\gpt2-financial-narrative-clean\checkpoint-531\trainer_state.json
2026-04-30_15-49-24_spy-qqq_gpt2_spy-qqq-baseline,420,2.374468085106383,1.9559820175170899,,1.0958904109589042e-05,runs\2026-04-30_15-49-24_spy-qqq_gpt2_spy-qqq-baseline\models\gpt2-financial-narrative-clean\checkpoint-531\trainer_state.json
2026-04-30_15-49-24_spy-qqq_gpt2_spy-qqq-baseline,430,2.4312056737588654,2.1241411209106444,,9.980430528375734e-06,runs\2026-04-30_15-49-24_spy-qqq_gpt2_spy-qqq-baseline\models\gpt2-financial-narrative-clean\checkpoint-531\trainer_state.json
2026-04-30_15-49-24_spy-qqq_gpt2_spy-qqq-baseline,440,2.4879432624113473,2.1571023941040037,,9.001956947162427e-06,runs\2026-04-30_15-49-24_spy-qqq_gpt2_spy-qqq-baseline\models\gpt2-financial-narrative-clean\checkpoint-531\trainer_state.json
2026-04-30_15-49-24_spy-qqq_gpt2_spy-qqq-baseline,450,2.5446808510638297,2.185414123535156,,8.02348336594912e-06,runs\2026-04-30_15-49-24_spy-qqq_gpt2_spy-qqq-baseline\models\gpt2-financial-narrative-clean\checkpoint-531\trainer_state.json
2026-04-30_15-49-24_spy-qqq_gpt2_spy-qqq-baseline,450,2.5446808510638297,,2.698530435562134,,runs\2026-04-30_15-49-24_spy-qqq_gpt2_spy-qqq-baseline\models\gpt2-financial-narrative-clean\checkpoint-531\trainer_state.json
2026-04-30_15-49-24_spy-qqq_gpt2_spy-qqq-baseline,460,2.601418439716312,2.144001770019531,,7.045009784735812e-06,runs\2026-04-30_15-49-24_spy-qqq_gpt2_spy-qqq-baseline\models\gpt2-financial-narrative-clean\checkpoint-531\trainer_state.json
2026-04-30_15-49-24_spy-qqq_gpt2_spy-qqq-baseline,470,2.6581560283687944,2.0455276489257814,,6.0665362035225046e-06,runs\2026-04-30_15-49-24_spy-qqq_gpt2_spy-qqq-baseline\models\gpt2-financial-narrative-clean\checkpoint-531\trainer_state.json
2026-04-30_15-49-24_spy-qqq_gpt2_spy-qqq-baseline,480,2.7148936170212767,2.0660894393920897,,5.088062622309197e-06,runs\2026-04-30_15-49-24_spy-qqq_gpt2_spy-qqq-baseline\models\gpt2-financial-narrative-clean\checkpoint-531\trainer_state.json
2026-04-30_15-49-24_spy-qqq_gpt2_spy-qqq-baseline,490,2.771631205673759,1.9997428894042968,,4.10958904109589e-06,runs\2026-04-30_15-49-24_spy-qqq_gpt2_spy-qqq-baseline\models\gpt2-financial-narrative-clean\checkpoint-531\trainer_state.json
2026-04-30_15-49-24_spy-qqq_gpt2_spy-qqq-baseline,500,2.828368794326241,2.0155025482177735,,3.131115459882583e-06,runs\2026-04-30_15-49-24_spy-qqq_gpt2_spy-qqq-baseline\models\gpt2-financial-narrative-clean\checkpoint-531\trainer_state.json
2026-04-30_15-49-24_spy-qqq_gpt2_spy-qqq-baseline,500,2.828368794326241,,2.685676336288452,,runs\2026-04-30_15-49-24_spy-qqq_gpt2_spy-qqq-baseline\models\gpt2-financial-narrative-clean\checkpoint-531\trainer_state.json
2026-04-30_15-49-24_spy-qqq_gpt2_spy-qqq-baseline,510,2.8851063829787233,2.002109146118164,,2.152641878669276e-06,runs\2026-04-30_15-49-24_spy-qqq_gpt2_spy-qqq-baseline\models\gpt2-financial-narrative-clean\checkpoint-531\trainer_state.json
2026-04-30_15-49-24_spy-qqq_gpt2_spy-qqq-baseline,520,2.9418439716312057,2.0960357666015623,,1.1741682974559686e-06,runs\2026-04-30_15-49-24_spy-qqq_gpt2_spy-qqq-baseline\models\gpt2-financial-narrative-clean\checkpoint-531\trainer_state.json
2026-04-30_15-49-24_spy-qqq_gpt2_spy-qqq-baseline,530,2.998581560283688,2.0112178802490233,,1.9569471624266145e-07,runs\2026-04-30_15-49-24_spy-qqq_gpt2_spy-qqq-baseline\models\gpt2-financial-narrative-clean\checkpoint-531\trainer_state.json
2026-04-30_15-49-24_spy-qqq_gpt2_spy-qqq-baseline,531,3.0,,2.6850297451019287,,runs\2026-04-30_15-49-24_spy-qqq_gpt2_spy-qqq-baseline\models\gpt2-financial-narrative-clean\checkpoint-531\trainer_state.json
2026-05-02_13-05-30_nvda_gpt2_nvda-single,10,0.12944983818770225,4.497601699829102,,2.25e-05,runs\2026-05-02_13-05-30_nvda_gpt2_nvda-single\models\gpt2-financial-narrative-clean\checkpoint-234\trainer_state.json
2026-05-02_13-05-30_nvda_gpt2_nvda-single,20,0.2588996763754045,4.115435028076172,,4.75e-05,runs\2026-05-02_13-05-30_nvda_gpt2_nvda-single\models\gpt2-financial-narrative-clean\checkpoint-234\trainer_state.json
2026-05-02_13-05-30_nvda_gpt2_nvda-single,30,0.3883495145631068,4.039190292358398,,4.7897196261682245e-05,runs\2026-05-02_13-05-30_nvda_gpt2_nvda-single\models\gpt2-financial-narrative-clean\checkpoint-234\trainer_state.json
2026-05-02_13-05-30_nvda_gpt2_nvda-single,40,0.517799352750809,3.691068649291992,,4.556074766355141e-05,runs\2026-05-02_13-05-30_nvda_gpt2_nvda-single\models\gpt2-financial-narrative-clean\checkpoint-234\trainer_state.json
2026-05-02_13-05-30_nvda_gpt2_nvda-single,50,0.6472491909385113,3.9090736389160154,,4.3224299065420565e-05,runs\2026-05-02_13-05-30_nvda_gpt2_nvda-single\models\gpt2-financial-narrative-clean\checkpoint-234\trainer_state.json
2026-05-02_13-05-30_nvda_gpt2_nvda-single,50,0.6472491909385113,,3.602243185043335,,runs\2026-05-02_13-05-30_nvda_gpt2_nvda-single\models\gpt2-financial-narrative-clean\checkpoint-234\trainer_state.json
2026-05-02_13-05-30_nvda_gpt2_nvda-single,60,0.7766990291262136,3.693686676025391,,4.088785046728972e-05,runs\2026-05-02_13-05-30_nvda_gpt2_nvda-single\models\gpt2-financial-narrative-clean\checkpoint-234\trainer_state.json
2026-05-02_13-05-30_nvda_gpt2_nvda-single,70,0.9061488673139159,3.7289710998535157,,3.855140186915888e-05,runs\2026-05-02_13-05-30_nvda_gpt2_nvda-single\models\gpt2-financial-narrative-clean\checkpoint-234\trainer_state.json
2026-05-02_13-05-30_nvda_gpt2_nvda-single,80,1.0258899676375404,3.3642200469970702,,3.621495327102804e-05,runs\2026-05-02_13-05-30_nvda_gpt2_nvda-single\models\gpt2-financial-narrative-clean\checkpoint-234\trainer_state.json
2026-05-02_13-05-30_nvda_gpt2_nvda-single,90,1.1553398058252426,3.3665428161621094,,3.38785046728972e-05,runs\2026-05-02_13-05-30_nvda_gpt2_nvda-single\models\gpt2-financial-narrative-clean\checkpoint-234\trainer_state.json
2026-05-02_13-05-30_nvda_gpt2_nvda-single,100,1.284789644012945,3.279521179199219,,3.1542056074766355e-05,runs\2026-05-02_13-05-30_nvda_gpt2_nvda-single\models\gpt2-financial-narrative-clean\checkpoint-234\trainer_state.json
2026-05-02_13-05-30_nvda_gpt2_nvda-single,100,1.284789644012945,,3.4584438800811768,,runs\2026-05-02_13-05-30_nvda_gpt2_nvda-single\models\gpt2-financial-narrative-clean\checkpoint-234\trainer_state.json
2026-05-02_13-05-30_nvda_gpt2_nvda-single,110,1.4142394822006472,3.2880558013916015,,2.9205607476635515e-05,runs\2026-05-02_13-05-30_nvda_gpt2_nvda-single\models\gpt2-financial-narrative-clean\checkpoint-234\trainer_state.json
2026-05-02_13-05-30_nvda_gpt2_nvda-single,120,1.5436893203883495,3.363386535644531,,2.6869158878504675e-05,runs\2026-05-02_13-05-30_nvda_gpt2_nvda-single\models\gpt2-financial-narrative-clean\checkpoint-234\trainer_state.json
2026-05-02_13-05-30_nvda_gpt2_nvda-single,130,1.6731391585760518,3.2471717834472655,,2.4532710280373832e-05,runs\2026-05-02_13-05-30_nvda_gpt2_nvda-single\models\gpt2-financial-narrative-clean\checkpoint-234\trainer_state.json
2026-05-02_13-05-30_nvda_gpt2_nvda-single,140,1.802588996763754,3.1486865997314455,,2.2196261682242992e-05,runs\2026-05-02_13-05-30_nvda_gpt2_nvda-single\models\gpt2-financial-narrative-clean\checkpoint-234\trainer_state.json
2026-05-02_13-05-30_nvda_gpt2_nvda-single,150,1.9320388349514563,3.136837959289551,,1.985981308411215e-05,runs\2026-05-02_13-05-30_nvda_gpt2_nvda-single\models\gpt2-financial-narrative-clean\checkpoint-234\trainer_state.json
2026-05-02_13-05-30_nvda_gpt2_nvda-single,150,1.9320388349514563,,3.416555404663086,,runs\2026-05-02_13-05-30_nvda_gpt2_nvda-single\models\gpt2-financial-narrative-clean\checkpoint-234\trainer_state.json
2026-05-02_13-05-30_nvda_gpt2_nvda-single,160,2.0517799352750807,3.1133049011230467,,1.752336448598131e-05,runs\2026-05-02_13-05-30_nvda_gpt2_nvda-single\models\gpt2-financial-narrative-clean\checkpoint-234\trainer_state.json
2026-05-02_13-05-30_nvda_gpt2_nvda-single,170,2.1812297734627832,2.99298095703125,,1.5186915887850467e-05,runs\2026-05-02_13-05-30_nvda_gpt2_nvda-single\models\gpt2-financial-narrative-clean\checkpoint-234\trainer_state.json
2026-05-02_13-05-30_nvda_gpt2_nvda-single,180,2.3106796116504853,2.9743730545043947,,1.2850467289719625e-05,runs\2026-05-02_13-05-30_nvda_gpt2_nvda-single\models\gpt2-financial-narrative-clean\checkpoint-234\trainer_state.json
2026-05-02_13-05-30_nvda_gpt2_nvda-single,190,2.440129449838188,2.9527210235595702,,1.0514018691588785e-05,runs\2026-05-02_13-05-30_nvda_gpt2_nvda-single\models\gpt2-financial-narrative-clean\checkpoint-234\trainer_state.json
2026-05-02_13-05-30_nvda_gpt2_nvda-single,200,2.56957928802589,3.026434135437012,,8.177570093457943e-06,runs\2026-05-02_13-05-30_nvda_gpt2_nvda-single\models\gpt2-financial-narrative-clean\checkpoint-234\trainer_state.json
2026-05-02_13-05-30_nvda_gpt2_nvda-single,200,2.56957928802589,,3.399477481842041,,runs\2026-05-02_13-05-30_nvda_gpt2_nvda-single\models\gpt2-financial-narrative-clean\checkpoint-234\trainer_state.json
2026-05-02_13-05-30_nvda_gpt2_nvda-single,210,2.6990291262135924,3.0777309417724608,,5.841121495327103e-06,runs\2026-05-02_13-05-30_nvda_gpt2_nvda-single\models\gpt2-financial-narrative-clean\checkpoint-234\trainer_state.json
2026-05-02_13-05-30_nvda_gpt2_nvda-single,220,2.8284789644012944,2.995986747741699,,3.5046728971962617e-06,runs\2026-05-02_13-05-30_nvda_gpt2_nvda-single\models\gpt2-financial-narrative-clean\checkpoint-234\trainer_state.json
2026-05-02_13-05-30_nvda_gpt2_nvda-single,230,2.957928802588997,3.0095056533813476,,1.1682242990654206e-06,runs\2026-05-02_13-05-30_nvda_gpt2_nvda-single\models\gpt2-financial-narrative-clean\checkpoint-234\trainer_state.json
2026-05-02_13-05-30_nvda_gpt2_nvda-single,234,3.0,,3.389401435852051,,runs\2026-05-02_13-05-30_nvda_gpt2_nvda-single\models\gpt2-financial-narrative-clean\checkpoint-234\trainer_state.json
2026-05-03_01-12-20_nvda-amd_gpt2_nvda-ambd-gpt2,10,0.052700922266139656,4.500121307373047,,2.25e-05,runs\2026-05-03_01-12-20_nvda-amd_gpt2_nvda-ambd-gpt2\models\gpt2-financial-narrative-clean\checkpoint-570\trainer_state.json
2026-05-03_01-12-20_nvda-amd_gpt2_nvda-ambd-gpt2,20,0.10540184453227931,4.018752670288086,,4.75e-05,runs\2026-05-03_01-12-20_nvda-amd_gpt2_nvda-ambd-gpt2\models\gpt2-financial-narrative-clean\checkpoint-570\trainer_state.json
2026-05-03_01-12-20_nvda-amd_gpt2_nvda-ambd-gpt2,30,0.15810276679841898,3.888929748535156,,4.9181818181818183e-05,runs\2026-05-03_01-12-20_nvda-amd_gpt2_nvda-ambd-gpt2\models\gpt2-financial-narrative-clean\checkpoint-570\trainer_state.json
2026-05-03_01-12-20_nvda-amd_gpt2_nvda-ambd-gpt2,40,0.21080368906455862,3.7661365509033202,,4.827272727272727e-05,runs\2026-05-03_01-12-20_nvda-amd_gpt2_nvda-ambd-gpt2\models\gpt2-financial-narrative-clean\checkpoint-570\trainer_state.json
2026-05-03_01-12-20_nvda-amd_gpt2_nvda-ambd-gpt2,50,0.2635046113306983,3.6718364715576173,,4.736363636363637e-05,runs\2026-05-03_01-12-20_nvda-amd_gpt2_nvda-ambd-gpt2\models\gpt2-financial-narrative-clean\checkpoint-570\trainer_state.json
2026-05-03_01-12-20_nvda-amd_gpt2_nvda-ambd-gpt2,50,0.2635046113306983,,3.426577568054199,,runs\2026-05-03_01-12-20_nvda-amd_gpt2_nvda-ambd-gpt2\models\gpt2-financial-narrative-clean\checkpoint-570\trainer_state.json
2026-05-03_01-12-20_nvda-amd_gpt2_nvda-ambd-gpt2,60,0.31620553359683795,3.586729049682617,,4.6454545454545456e-05,runs\2026-05-03_01-12-20_nvda-amd_gpt2_nvda-ambd-gpt2\models\gpt2-financial-narrative-clean\checkpoint-570\trainer_state.json
2026-05-03_01-12-20_nvda-amd_gpt2_nvda-ambd-gpt2,70,0.3689064558629776,3.5971054077148437,,4.5545454545454544e-05,runs\2026-05-03_01-12-20_nvda-amd_gpt2_nvda-ambd-gpt2\models\gpt2-financial-narrative-clean\checkpoint-570\trainer_state.json
2026-05-03_01-12-20_nvda-amd_gpt2_nvda-ambd-gpt2,80,0.42160737812911725,3.460312271118164,,4.463636363636364e-05,runs\2026-05-03_01-12-20_nvda-amd_gpt2_nvda-ambd-gpt2\models\gpt2-financial-narrative-clean\checkpoint-570\trainer_state.json
2026-05-03_01-12-20_nvda-amd_gpt2_nvda-ambd-gpt2,90,0.4743083003952569,3.5811206817626955,,4.372727272727273e-05,runs\2026-05-03_01-12-20_nvda-amd_gpt2_nvda-ambd-gpt2\models\gpt2-financial-narrative-clean\checkpoint-570\trainer_state.json
2026-05-03_01-12-20_nvda-amd_gpt2_nvda-ambd-gpt2,100,0.5270092226613966,3.3305206298828125,,4.281818181818182e-05,runs\2026-05-03_01-12-20_nvda-amd_gpt2_nvda-ambd-gpt2\models\gpt2-financial-narrative-clean\checkpoint-570\trainer_state.json
2026-05-03_01-12-20_nvda-amd_gpt2_nvda-ambd-gpt2,100,0.5270092226613966,,3.260040283203125,,runs\2026-05-03_01-12-20_nvda-amd_gpt2_nvda-ambd-gpt2\models\gpt2-financial-narrative-clean\checkpoint-570\trainer_state.json
2026-05-03_01-12-20_nvda-amd_gpt2_nvda-ambd-gpt2,110,0.5797101449275363,3.4251850128173826,,4.190909090909091e-05,runs\2026-05-03_01-12-20_nvda-amd_gpt2_nvda-ambd-gpt2\models\gpt2-financial-narrative-clean\checkpoint-570\trainer_state.json
2026-05-03_01-12-20_nvda-amd_gpt2_nvda-ambd-gpt2,120,0.6324110671936759,3.297331619262695,,4.1e-05,runs\2026-05-03_01-12-20_nvda-amd_gpt2_nvda-ambd-gpt2\models\gpt2-financial-narrative-clean\checkpoint-570\trainer_state.json
2026-05-03_01-12-20_nvda-amd_gpt2_nvda-ambd-gpt2,130,0.6851119894598156,3.2972488403320312,,4.009090909090909e-05,runs\2026-05-03_01-12-20_nvda-amd_gpt2_nvda-ambd-gpt2\models\gpt2-financial-narrative-clean\checkpoint-570\trainer_state.json
2026-05-03_01-12-20_nvda-amd_gpt2_nvda-ambd-gpt2,140,0.7378129117259552,3.344734954833984,,3.9181818181818184e-05,runs\2026-05-03_01-12-20_nvda-amd_gpt2_nvda-ambd-gpt2\models\gpt2-financial-narrative-clean\checkpoint-570\trainer_state.json
2026-05-03_01-12-20_nvda-amd_gpt2_nvda-ambd-gpt2,150,0.7905138339920948,3.308430480957031,,3.827272727272728e-05,runs\2026-05-03_01-12-20_nvda-amd_gpt2_nvda-ambd-gpt2\models\gpt2-financial-narrative-clean\checkpoint-570\trainer_state.json
2026-05-03_01-12-20_nvda-amd_gpt2_nvda-ambd-gpt2,150,0.7905138339920948,,3.1510674953460693,,runs\2026-05-03_01-12-20_nvda-amd_gpt2_nvda-ambd-gpt2\models\gpt2-financial-narrative-clean\checkpoint-570\trainer_state.json
2026-05-03_01-12-20_nvda-amd_gpt2_nvda-ambd-gpt2,160,0.8432147562582345,3.3874271392822264,,3.736363636363637e-05,runs\2026-05-03_01-12-20_nvda-amd_gpt2_nvda-ambd-gpt2\models\gpt2-financial-narrative-clean\checkpoint-570\trainer_state.json
2026-05-03_01-12-20_nvda-amd_gpt2_nvda-ambd-gpt2,170,0.8959156785243741,3.280121612548828,,3.645454545454546e-05,runs\2026-05-03_01-12-20_nvda-amd_gpt2_nvda-ambd-gpt2\models\gpt2-financial-narrative-clean\checkpoint-570\trainer_state.json
2026-05-03_01-12-20_nvda-amd_gpt2_nvda-ambd-gpt2,180,0.9486166007905138,3.251273345947266,,3.5545454545454545e-05,runs\2026-05-03_01-12-20_nvda-amd_gpt2_nvda-ambd-gpt2\models\gpt2-financial-narrative-clean\checkpoint-570\trainer_state.json
2026-05-03_01-12-20_nvda-amd_gpt2_nvda-ambd-gpt2,190,1.0,3.2163974761962892,,3.463636363636364e-05,runs\2026-05-03_01-12-20_nvda-amd_gpt2_nvda-ambd-gpt2\models\gpt2-financial-narrative-clean\checkpoint-570\trainer_state.json
2026-05-03_01-12-20_nvda-amd_gpt2_nvda-ambd-gpt2,200,1.0527009222661396,2.9379249572753907,,3.372727272727273e-05,runs\2026-05-03_01-12-20_nvda-amd_gpt2_nvda-ambd-gpt2\models\gpt2-financial-narrative-clean\checkpoint-570\trainer_state.json
2026-05-03_01-12-20_nvda-amd_gpt2_nvda-ambd-gpt2,200,1.0527009222661396,,3.090451955795288,,runs\2026-05-03_01-12-20_nvda-amd_gpt2_nvda-ambd-gpt2\models\gpt2-financial-narrative-clean\checkpoint-570\trainer_state.json
2026-05-03_01-12-20_nvda-amd_gpt2_nvda-ambd-gpt2,210,1.1054018445322793,3.1425239562988283,,3.281818181818182e-05,runs\2026-05-03_01-12-20_nvda-amd_gpt2_nvda-ambd-gpt2\models\gpt2-financial-narrative-clean\checkpoint-570\trainer_state.json
2026-05-03_01-12-20_nvda-amd_gpt2_nvda-ambd-gpt2,220,1.158102766798419,2.914633560180664,,3.190909090909091e-05,runs\2026-05-03_01-12-20_nvda-amd_gpt2_nvda-ambd-gpt2\models\gpt2-financial-narrative-clean\checkpoint-570\trainer_state.json
2026-05-03_01-12-20_nvda-amd_gpt2_nvda-ambd-gpt2,230,1.2108036890645586,3.049577331542969,,3.1e-05,runs\2026-05-03_01-12-20_nvda-amd_gpt2_nvda-ambd-gpt2\models\gpt2-financial-narrative-clean\checkpoint-570\trainer_state.json
2026-05-03_01-12-20_nvda-amd_gpt2_nvda-ambd-gpt2,240,1.2635046113306982,2.9014871597290037,,3.0090909090909093e-05,runs\2026-05-03_01-12-20_nvda-amd_gpt2_nvda-ambd-gpt2\models\gpt2-financial-narrative-clean\checkpoint-570\trainer_state.json
2026-05-03_01-12-20_nvda-amd_gpt2_nvda-ambd-gpt2,250,1.316205533596838,2.9365163803100587,,2.9181818181818182e-05,runs\2026-05-03_01-12-20_nvda-amd_gpt2_nvda-ambd-gpt2\models\gpt2-financial-narrative-clean\checkpoint-570\trainer_state.json
2026-05-03_01-12-20_nvda-amd_gpt2_nvda-ambd-gpt2,250,1.316205533596838,,3.04463791847229,,runs\2026-05-03_01-12-20_nvda-amd_gpt2_nvda-ambd-gpt2\models\gpt2-financial-narrative-clean\checkpoint-570\trainer_state.json
2026-05-03_01-12-20_nvda-amd_gpt2_nvda-ambd-gpt2,260,1.3689064558629775,3.0215946197509767,,2.8272727272727274e-05,runs\2026-05-03_01-12-20_nvda-amd_gpt2_nvda-ambd-gpt2\models\gpt2-financial-narrative-clean\checkpoint-570\trainer_state.json
2026-05-03_01-12-20_nvda-amd_gpt2_nvda-ambd-gpt2,270,1.4216073781291172,2.8121423721313477,,2.7363636363636362e-05,runs\2026-05-03_01-12-20_nvda-amd_gpt2_nvda-ambd-gpt2\models\gpt2-financial-narrative-clean\checkpoint-570\trainer_state.json
2026-05-03_01-12-20_nvda-amd_gpt2_nvda-ambd-gpt2,280,1.4743083003952568,2.9755443572998046,,2.6454545454545454e-05,runs\2026-05-03_01-12-20_nvda-amd_gpt2_nvda-ambd-gpt2\models\gpt2-financial-narrative-clean\checkpoint-570\trainer_state.json
2026-05-03_01-12-20_nvda-amd_gpt2_nvda-ambd-gpt2,290,1.5270092226613965,2.9676828384399414,,2.5545454545454546e-05,runs\2026-05-03_01-12-20_nvda-amd_gpt2_nvda-ambd-gpt2\models\gpt2-financial-narrative-clean\checkpoint-570\trainer_state.json
2026-05-03_01-12-20_nvda-amd_gpt2_nvda-ambd-gpt2,300,1.5797101449275361,2.8168840408325195,,2.4636363636363638e-05,runs\2026-05-03_01-12-20_nvda-amd_gpt2_nvda-ambd-gpt2\models\gpt2-financial-narrative-clean\checkpoint-570\trainer_state.json
2026-05-03_01-12-20_nvda-amd_gpt2_nvda-ambd-gpt2,300,1.5797101449275361,,3.0212841033935547,,runs\2026-05-03_01-12-20_nvda-amd_gpt2_nvda-ambd-gpt2\models\gpt2-financial-narrative-clean\checkpoint-570\trainer_state.json
2026-05-03_01-12-20_nvda-amd_gpt2_nvda-ambd-gpt2,310,1.6324110671936758,2.832444763183594,,2.372727272727273e-05,runs\2026-05-03_01-12-20_nvda-amd_gpt2_nvda-ambd-gpt2\models\gpt2-financial-narrative-clean\checkpoint-570\trainer_state.json
2026-05-03_01-12-20_nvda-amd_gpt2_nvda-ambd-gpt2,320,1.6851119894598154,2.8336437225341795,,2.281818181818182e-05,runs\2026-05-03_01-12-20_nvda-amd_gpt2_nvda-ambd-gpt2\models\gpt2-financial-narrative-clean\checkpoint-570\trainer_state.json
2026-05-03_01-12-20_nvda-amd_gpt2_nvda-ambd-gpt2,330,1.737812911725955,2.8901439666748048,,2.190909090909091e-05,runs\2026-05-03_01-12-20_nvda-amd_gpt2_nvda-ambd-gpt2\models\gpt2-financial-narrative-clean\checkpoint-570\trainer_state.json
2026-05-03_01-12-20_nvda-amd_gpt2_nvda-ambd-gpt2,340,1.7905138339920947,2.9367349624633787,,2.1e-05,runs\2026-05-03_01-12-20_nvda-amd_gpt2_nvda-ambd-gpt2\models\gpt2-financial-narrative-clean\checkpoint-570\trainer_state.json
2026-05-03_01-12-20_nvda-amd_gpt2_nvda-ambd-gpt2,350,1.8432147562582344,2.870747756958008,,2.009090909090909e-05,runs\2026-05-03_01-12-20_nvda-amd_gpt2_nvda-ambd-gpt2\models\gpt2-financial-narrative-clean\checkpoint-570\trainer_state.json
2026-05-03_01-12-20_nvda-amd_gpt2_nvda-ambd-gpt2,350,1.8432147562582344,,2.9926819801330566,,runs\2026-05-03_01-12-20_nvda-amd_gpt2_nvda-ambd-gpt2\models\gpt2-financial-narrative-clean\checkpoint-570\trainer_state.json
2026-05-03_01-12-20_nvda-amd_gpt2_nvda-ambd-gpt2,360,1.895915678524374,2.8530790328979494,,1.9181818181818183e-05,runs\2026-05-03_01-12-20_nvda-amd_gpt2_nvda-ambd-gpt2\models\gpt2-financial-narrative-clean\checkpoint-570\trainer_state.json
2026-05-03_01-12-20_nvda-amd_gpt2_nvda-ambd-gpt2,370,1.9486166007905137,2.775607109069824,,1.8272727272727275e-05,runs\2026-05-03_01-12-20_nvda-amd_gpt2_nvda-ambd-gpt2\models\gpt2-financial-narrative-clean\checkpoint-570\trainer_state.json
2026-05-03_01-12-20_nvda-amd_gpt2_nvda-ambd-gpt2,380,2.0,2.783455467224121,,1.7363636363636366e-05,runs\2026-05-03_01-12-20_nvda-amd_gpt2_nvda-ambd-gpt2\models\gpt2-financial-narrative-clean\checkpoint-570\trainer_state.json
2026-05-03_01-12-20_nvda-amd_gpt2_nvda-ambd-gpt2,390,2.0527009222661396,2.6310070037841795,,1.6454545454545455e-05,runs\2026-05-03_01-12-20_nvda-amd_gpt2_nvda-ambd-gpt2\models\gpt2-financial-narrative-clean\checkpoint-570\trainer_state.json
2026-05-03_01-12-20_nvda-amd_gpt2_nvda-ambd-gpt2,400,2.1054018445322793,2.699812889099121,,1.5545454545454547e-05,runs\2026-05-03_01-12-20_nvda-amd_gpt2_nvda-ambd-gpt2\models\gpt2-financial-narrative-clean\checkpoint-570\trainer_state.json
2026-05-03_01-12-20_nvda-amd_gpt2_nvda-ambd-gpt2,400,2.1054018445322793,,2.9885001182556152,,runs\2026-05-03_01-12-20_nvda-amd_gpt2_nvda-ambd-gpt2\models\gpt2-financial-narrative-clean\checkpoint-570\trainer_state.json
2026-05-03_01-12-20_nvda-amd_gpt2_nvda-ambd-gpt2,410,2.158102766798419,2.676380920410156,,1.4636363636363637e-05,runs\2026-05-03_01-12-20_nvda-amd_gpt2_nvda-ambd-gpt2\models\gpt2-financial-narrative-clean\checkpoint-570\trainer_state.json
2026-05-03_01-12-20_nvda-amd_gpt2_nvda-ambd-gpt2,420,2.2108036890645586,2.7252386093139647,,1.3727272727272727e-05,runs\2026-05-03_01-12-20_nvda-amd_gpt2_nvda-ambd-gpt2\models\gpt2-financial-narrative-clean\checkpoint-570\trainer_state.json
2026-05-03_01-12-20_nvda-amd_gpt2_nvda-ambd-gpt2,430,2.2635046113306982,2.6835916519165037,,1.2818181818181818e-05,runs\2026-05-03_01-12-20_nvda-amd_gpt2_nvda-ambd-gpt2\models\gpt2-financial-narrative-clean\checkpoint-570\trainer_state.json
2026-05-03_01-12-20_nvda-amd_gpt2_nvda-ambd-gpt2,440,2.316205533596838,2.7955013275146485,,1.190909090909091e-05,runs\2026-05-03_01-12-20_nvda-amd_gpt2_nvda-ambd-gpt2\models\gpt2-financial-narrative-clean\checkpoint-570\trainer_state.json
2026-05-03_01-12-20_nvda-amd_gpt2_nvda-ambd-gpt2,450,2.3689064558629775,2.672001838684082,,1.1000000000000001e-05,runs\2026-05-03_01-12-20_nvda-amd_gpt2_nvda-ambd-gpt2\models\gpt2-financial-narrative-clean\checkpoint-570\trainer_state.json
2026-05-03_01-12-20_nvda-amd_gpt2_nvda-ambd-gpt2,450,2.3689064558629775,,2.9745752811431885,,runs\2026-05-03_01-12-20_nvda-amd_gpt2_nvda-ambd-gpt2\models\gpt2-financial-narrative-clean\checkpoint-570\trainer_state.json
2026-05-03_01-12-20_nvda-amd_gpt2_nvda-ambd-gpt2,460,2.421607378129117,2.6559869766235353,,1.0090909090909092e-05,runs\2026-05-03_01-12-20_nvda-amd_gpt2_nvda-ambd-gpt2\models\gpt2-financial-narrative-clean\checkpoint-570\trainer_state.json
2026-05-03_01-12-20_nvda-amd_gpt2_nvda-ambd-gpt2,470,2.474308300395257,2.7830677032470703,,9.181818181818182e-06,runs\2026-05-03_01-12-20_nvda-amd_gpt2_nvda-ambd-gpt2\models\gpt2-financial-narrative-clean\checkpoint-570\trainer_state.json
2026-05-03_01-12-20_nvda-amd_gpt2_nvda-ambd-gpt2,480,2.5270092226613965,2.6709354400634764,,8.272727272727274e-06,runs\2026-05-03_01-12-20_nvda-amd_gpt2_nvda-ambd-gpt2\models\gpt2-financial-narrative-clean\checkpoint-570\trainer_state.json
2026-05-03_01-12-20_nvda-amd_gpt2_nvda-ambd-gpt2,490,2.579710144927536,2.6798404693603515,,7.363636363636364e-06,runs\2026-05-03_01-12-20_nvda-amd_gpt2_nvda-ambd-gpt2\models\gpt2-financial-narrative-clean\checkpoint-570\trainer_state.json
2026-05-03_01-12-20_nvda-amd_gpt2_nvda-ambd-gpt2,500,2.632411067193676,2.7696611404418947,,6.454545454545455e-06,runs\2026-05-03_01-12-20_nvda-amd_gpt2_nvda-ambd-gpt2\models\gpt2-financial-narrative-clean\checkpoint-570\trainer_state.json
2026-05-03_01-12-20_nvda-amd_gpt2_nvda-ambd-gpt2,500,2.632411067193676,,2.9687299728393555,,runs\2026-05-03_01-12-20_nvda-amd_gpt2_nvda-ambd-gpt2\models\gpt2-financial-narrative-clean\checkpoint-570\trainer_state.json
2026-05-03_01-12-20_nvda-amd_gpt2_nvda-ambd-gpt2,510,2.6851119894598154,2.61251163482666,,5.545454545454546e-06,runs\2026-05-03_01-12-20_nvda-amd_gpt2_nvda-ambd-gpt2\models\gpt2-financial-narrative-clean\checkpoint-570\trainer_state.json
2026-05-03_01-12-20_nvda-amd_gpt2_nvda-ambd-gpt2,520,2.737812911725955,2.8626937866210938,,4.636363636363636e-06,runs\2026-05-03_01-12-20_nvda-amd_gpt2_nvda-ambd-gpt2\models\gpt2-financial-narrative-clean\checkpoint-570\trainer_state.json
2026-05-03_01-12-20_nvda-amd_gpt2_nvda-ambd-gpt2,530,2.7905138339920947,2.750275230407715,,3.727272727272727e-06,runs\2026-05-03_01-12-20_nvda-amd_gpt2_nvda-ambd-gpt2\models\gpt2-financial-narrative-clean\checkpoint-570\trainer_state.json
2026-05-03_01-12-20_nvda-amd_gpt2_nvda-ambd-gpt2,540,2.8432147562582344,2.5848039627075194,,2.8181818181818185e-06,runs\2026-05-03_01-12-20_nvda-amd_gpt2_nvda-ambd-gpt2\models\gpt2-financial-narrative-clean\checkpoint-570\trainer_state.json
2026-05-03_01-12-20_nvda-amd_gpt2_nvda-ambd-gpt2,550,2.895915678524374,2.67492618560791,,1.9090909090909095e-06,runs\2026-05-03_01-12-20_nvda-amd_gpt2_nvda-ambd-gpt2\models\gpt2-financial-narrative-clean\checkpoint-570\trainer_state.json
2026-05-03_01-12-20_nvda-amd_gpt2_nvda-ambd-gpt2,550,2.895915678524374,,2.959679126739502,,runs\2026-05-03_01-12-20_nvda-amd_gpt2_nvda-ambd-gpt2\models\gpt2-financial-narrative-clean\checkpoint-570\trainer_state.json
2026-05-03_01-12-20_nvda-amd_gpt2_nvda-ambd-gpt2,560,2.9486166007905137,2.576602745056152,,1.0000000000000002e-06,runs\2026-05-03_01-12-20_nvda-amd_gpt2_nvda-ambd-gpt2\models\gpt2-financial-narrative-clean\checkpoint-570\trainer_state.json
2026-05-03_01-12-20_nvda-amd_gpt2_nvda-ambd-gpt2,570,3.0,2.771176338195801,,9.090909090909091e-08,runs\2026-05-03_01-12-20_nvda-amd_gpt2_nvda-ambd-gpt2\models\gpt2-financial-narrative-clean\checkpoint-570\trainer_state.json
2026-05-03_01-12-20_nvda-amd_gpt2_nvda-ambd-gpt2,570,3.0,,2.9596705436706543,,runs\2026-05-03_01-12-20_nvda-amd_gpt2_nvda-ambd-gpt2\models\gpt2-financial-narrative-clean\checkpoint-570\trainer_state.json
2026-05-03_12-41-00_nvda_gpt2_nvda-structured-prompt,10,0.12944983818770225,4.561787033081055,,2.25e-05,runs\2026-05-03_12-41-00_nvda_gpt2_nvda-structured-prompt\models\gpt2-financial-narrative-clean\checkpoint-234\trainer_state.json
2026-05-03_12-41-00_nvda_gpt2_nvda-structured-prompt,20,0.2588996763754045,3.689806365966797,,4.75e-05,runs\2026-05-03_12-41-00_nvda_gpt2_nvda-structured-prompt\models\gpt2-financial-narrative-clean\checkpoint-234\trainer_state.json
2026-05-03_12-41-00_nvda_gpt2_nvda-structured-prompt,30,0.3883495145631068,3.1523870468139648,,4.7897196261682245e-05,runs\2026-05-03_12-41-00_nvda_gpt2_nvda-structured-prompt\models\gpt2-financial-narrative-clean\checkpoint-234\trainer_state.json
2026-05-03_12-41-00_nvda_gpt2_nvda-structured-prompt,40,0.517799352750809,2.9015003204345704,,4.556074766355141e-05,runs\2026-05-03_12-41-00_nvda_gpt2_nvda-structured-prompt\models\gpt2-financial-narrative-clean\checkpoint-234\trainer_state.json
2026-05-03_12-41-00_nvda_gpt2_nvda-structured-prompt,50,0.6472491909385113,3.028837966918945,,4.3224299065420565e-05,runs\2026-05-03_12-41-00_nvda_gpt2_nvda-structured-prompt\models\gpt2-financial-narrative-clean\checkpoint-234\trainer_state.json
2026-05-03_12-41-00_nvda_gpt2_nvda-structured-prompt,50,0.6472491909385113,,2.816983699798584,,runs\2026-05-03_12-41-00_nvda_gpt2_nvda-structured-prompt\models\gpt2-financial-narrative-clean\checkpoint-234\trainer_state.json
2026-05-03_12-41-00_nvda_gpt2_nvda-structured-prompt,60,0.7766990291262136,2.8689243316650392,,4.088785046728972e-05,runs\2026-05-03_12-41-00_nvda_gpt2_nvda-structured-prompt\models\gpt2-financial-narrative-clean\checkpoint-234\trainer_state.json
2026-05-03_12-41-00_nvda_gpt2_nvda-structured-prompt,70,0.9061488673139159,2.757344627380371,,3.855140186915888e-05,runs\2026-05-03_12-41-00_nvda_gpt2_nvda-structured-prompt\models\gpt2-financial-narrative-clean\checkpoint-234\trainer_state.json
2026-05-03_12-41-00_nvda_gpt2_nvda-structured-prompt,80,1.0258899676375404,2.818286323547363,,3.621495327102804e-05,runs\2026-05-03_12-41-00_nvda_gpt2_nvda-structured-prompt\models\gpt2-financial-narrative-clean\checkpoint-234\trainer_state.json
2026-05-03_12-41-00_nvda_gpt2_nvda-structured-prompt,90,1.1553398058252426,2.5830127716064455,,3.38785046728972e-05,runs\2026-05-03_12-41-00_nvda_gpt2_nvda-structured-prompt\models\gpt2-financial-narrative-clean\checkpoint-234\trainer_state.json
2026-05-03_12-41-00_nvda_gpt2_nvda-structured-prompt,100,1.284789644012945,2.5807580947875977,,3.1542056074766355e-05,runs\2026-05-03_12-41-00_nvda_gpt2_nvda-structured-prompt\models\gpt2-financial-narrative-clean\checkpoint-234\trainer_state.json
2026-05-03_12-41-00_nvda_gpt2_nvda-structured-prompt,100,1.284789644012945,,2.6902263164520264,,runs\2026-05-03_12-41-00_nvda_gpt2_nvda-structured-prompt\models\gpt2-financial-narrative-clean\checkpoint-234\trainer_state.json
2026-05-03_12-41-00_nvda_gpt2_nvda-structured-prompt,110,1.4142394822006472,2.4942934036254885,,2.9205607476635515e-05,runs\2026-05-03_12-41-00_nvda_gpt2_nvda-structured-prompt\models\gpt2-financial-narrative-clean\checkpoint-234\trainer_state.json
2026-05-03_12-41-00_nvda_gpt2_nvda-structured-prompt,120,1.5436893203883495,2.5563064575195313,,2.6869158878504675e-05,runs\2026-05-03_12-41-00_nvda_gpt2_nvda-structured-prompt\models\gpt2-financial-narrative-clean\checkpoint-234\trainer_state.json
2026-05-03_12-41-00_nvda_gpt2_nvda-structured-prompt,130,1.6731391585760518,2.4061935424804686,,2.4532710280373832e-05,runs\2026-05-03_12-41-00_nvda_gpt2_nvda-structured-prompt\models\gpt2-financial-narrative-clean\checkpoint-234\trainer_state.json
2026-05-03_12-41-00_nvda_gpt2_nvda-structured-prompt,140,1.802588996763754,2.514061164855957,,2.2196261682242992e-05,runs\2026-05-03_12-41-00_nvda_gpt2_nvda-structured-prompt\models\gpt2-financial-narrative-clean\checkpoint-234\trainer_state.json
2026-05-03_12-41-00_nvda_gpt2_nvda-structured-prompt,150,1.9320388349514563,2.4622316360473633,,1.985981308411215e-05,runs\2026-05-03_12-41-00_nvda_gpt2_nvda-structured-prompt\models\gpt2-financial-narrative-clean\checkpoint-234\trainer_state.json
2026-05-03_12-41-00_nvda_gpt2_nvda-structured-prompt,150,1.9320388349514563,,2.647536277770996,,runs\2026-05-03_12-41-00_nvda_gpt2_nvda-structured-prompt\models\gpt2-financial-narrative-clean\checkpoint-234\trainer_state.json
2026-05-03_12-41-00_nvda_gpt2_nvda-structured-prompt,160,2.0517799352750807,2.3174980163574217,,1.752336448598131e-05,runs\2026-05-03_12-41-00_nvda_gpt2_nvda-structured-prompt\models\gpt2-financial-narrative-clean\checkpoint-234\trainer_state.json
2026-05-03_12-41-00_nvda_gpt2_nvda-structured-prompt,170,2.1812297734627832,2.224650001525879,,1.5186915887850467e-05,runs\2026-05-03_12-41-00_nvda_gpt2_nvda-structured-prompt\models\gpt2-financial-narrative-clean\checkpoint-234\trainer_state.json
2026-05-03_12-41-00_nvda_gpt2_nvda-structured-prompt,180,2.3106796116504853,2.382008361816406,,1.2850467289719625e-05,runs\2026-05-03_12-41-00_nvda_gpt2_nvda-structured-prompt\models\gpt2-financial-narrative-clean\checkpoint-234\trainer_state.json
2026-05-03_12-41-00_nvda_gpt2_nvda-structured-prompt,190,2.440129449838188,2.2701244354248047,,1.0514018691588785e-05,runs\2026-05-03_12-41-00_nvda_gpt2_nvda-structured-prompt\models\gpt2-financial-narrative-clean\checkpoint-234\trainer_state.json
2026-05-03_12-41-00_nvda_gpt2_nvda-structured-prompt,200,2.56957928802589,2.4381433486938477,,8.177570093457943e-06,runs\2026-05-03_12-41-00_nvda_gpt2_nvda-structured-prompt\models\gpt2-financial-narrative-clean\checkpoint-234\trainer_state.json
2026-05-03_12-41-00_nvda_gpt2_nvda-structured-prompt,200,2.56957928802589,,2.627000570297241,,runs\2026-05-03_12-41-00_nvda_gpt2_nvda-structured-prompt\models\gpt2-financial-narrative-clean\checkpoint-234\trainer_state.json
2026-05-03_12-41-00_nvda_gpt2_nvda-structured-prompt,210,2.6990291262135924,2.4077880859375,,5.841121495327103e-06,runs\2026-05-03_12-41-00_nvda_gpt2_nvda-structured-prompt\models\gpt2-financial-narrative-clean\checkpoint-234\trainer_state.json
2026-05-03_12-41-00_nvda_gpt2_nvda-structured-prompt,220,2.8284789644012944,2.3206546783447264,,3.5046728971962617e-06,runs\2026-05-03_12-41-00_nvda_gpt2_nvda-structured-prompt\models\gpt2-financial-narrative-clean\checkpoint-234\trainer_state.json
2026-05-03_12-41-00_nvda_gpt2_nvda-structured-prompt,230,2.957928802588997,2.387639808654785,,1.1682242990654206e-06,runs\2026-05-03_12-41-00_nvda_gpt2_nvda-structured-prompt\models\gpt2-financial-narrative-clean\checkpoint-234\trainer_state.json
2026-05-03_12-41-00_nvda_gpt2_nvda-structured-prompt,234,3.0,,2.625459671020508,,runs\2026-05-03_12-41-00_nvda_gpt2_nvda-structured-prompt\models\gpt2-financial-narrative-clean\checkpoint-234\trainer_state.json
2026-05-04_00-31-31_nvda_gpt2_nvda-tagged-structured-prompt,10,0.12944983818770225,3.6564823150634767,,2.25e-05,runs\2026-05-04_00-31-31_nvda_gpt2_nvda-tagged-structured-prompt\models\gpt2-financial-narrative-clean\checkpoint-234\trainer_state.json
2026-05-04_00-31-31_nvda_gpt2_nvda-tagged-structured-prompt,20,0.2588996763754045,2.995549964904785,,4.75e-05,runs\2026-05-04_00-31-31_nvda_gpt2_nvda-tagged-structured-prompt\models\gpt2-financial-narrative-clean\checkpoint-234\trainer_state.json
2026-05-04_00-31-31_nvda_gpt2_nvda-tagged-structured-prompt,30,0.3883495145631068,2.7190778732299803,,4.7897196261682245e-05,runs\2026-05-04_00-31-31_nvda_gpt2_nvda-tagged-structured-prompt\models\gpt2-financial-narrative-clean\checkpoint-234\trainer_state.json
2026-05-04_00-31-31_nvda_gpt2_nvda-tagged-structured-prompt,40,0.517799352750809,2.512740135192871,,4.556074766355141e-05,runs\2026-05-04_00-31-31_nvda_gpt2_nvda-tagged-structured-prompt\models\gpt2-financial-narrative-clean\checkpoint-234\trainer_state.json
2026-05-04_00-31-31_nvda_gpt2_nvda-tagged-structured-prompt,50,0.6472491909385113,2.638082504272461,,4.3224299065420565e-05,runs\2026-05-04_00-31-31_nvda_gpt2_nvda-tagged-structured-prompt\models\gpt2-financial-narrative-clean\checkpoint-234\trainer_state.json
2026-05-04_00-31-31_nvda_gpt2_nvda-tagged-structured-prompt,50,0.6472491909385113,,2.441298484802246,,runs\2026-05-04_00-31-31_nvda_gpt2_nvda-tagged-structured-prompt\models\gpt2-financial-narrative-clean\checkpoint-234\trainer_state.json
2026-05-04_00-31-31_nvda_gpt2_nvda-tagged-structured-prompt,60,0.7766990291262136,2.4745738983154295,,4.088785046728972e-05,runs\2026-05-04_00-31-31_nvda_gpt2_nvda-tagged-structured-prompt\models\gpt2-financial-narrative-clean\checkpoint-234\trainer_state.json
2026-05-04_00-31-31_nvda_gpt2_nvda-tagged-structured-prompt,70,0.9061488673139159,2.357473945617676,,3.855140186915888e-05,runs\2026-05-04_00-31-31_nvda_gpt2_nvda-tagged-structured-prompt\models\gpt2-financial-narrative-clean\checkpoint-234\trainer_state.json
2026-05-04_00-31-31_nvda_gpt2_nvda-tagged-structured-prompt,80,1.0258899676375404,2.452325630187988,,3.621495327102804e-05,runs\2026-05-04_00-31-31_nvda_gpt2_nvda-tagged-structured-prompt\models\gpt2-financial-narrative-clean\checkpoint-234\trainer_state.json
2026-05-04_00-31-31_nvda_gpt2_nvda-tagged-structured-prompt,90,1.1553398058252426,2.222007942199707,,3.38785046728972e-05,runs\2026-05-04_00-31-31_nvda_gpt2_nvda-tagged-structured-prompt\models\gpt2-financial-narrative-clean\checkpoint-234\trainer_state.json
2026-05-04_00-31-31_nvda_gpt2_nvda-tagged-structured-prompt,100,1.284789644012945,2.203733444213867,,3.1542056074766355e-05,runs\2026-05-04_00-31-31_nvda_gpt2_nvda-tagged-structured-prompt\models\gpt2-financial-narrative-clean\checkpoint-234\trainer_state.json
2026-05-04_00-31-31_nvda_gpt2_nvda-tagged-structured-prompt,100,1.284789644012945,,2.333709716796875,,runs\2026-05-04_00-31-31_nvda_gpt2_nvda-tagged-structured-prompt\models\gpt2-financial-narrative-clean\checkpoint-234\trainer_state.json
2026-05-04_00-31-31_nvda_gpt2_nvda-tagged-structured-prompt,110,1.4142394822006472,2.1417736053466796,,2.9205607476635515e-05,runs\2026-05-04_00-31-31_nvda_gpt2_nvda-tagged-structured-prompt\models\gpt2-financial-narrative-clean\checkpoint-234\trainer_state.json
2026-05-04_00-31-31_nvda_gpt2_nvda-tagged-structured-prompt,120,1.5436893203883495,2.202793502807617,,2.6869158878504675e-05,runs\2026-05-04_00-31-31_nvda_gpt2_nvda-tagged-structured-prompt\models\gpt2-financial-narrative-clean\checkpoint-234\trainer_state.json
2026-05-04_00-31-31_nvda_gpt2_nvda-tagged-structured-prompt,130,1.6731391585760518,2.092654800415039,,2.4532710280373832e-05,runs\2026-05-04_00-31-31_nvda_gpt2_nvda-tagged-structured-prompt\models\gpt2-financial-narrative-clean\checkpoint-234\trainer_state.json
2026-05-04_00-31-31_nvda_gpt2_nvda-tagged-structured-prompt,140,1.802588996763754,2.1716440200805662,,2.2196261682242992e-05,runs\2026-05-04_00-31-31_nvda_gpt2_nvda-tagged-structured-prompt\models\gpt2-financial-narrative-clean\checkpoint-234\trainer_state.json
2026-05-04_00-31-31_nvda_gpt2_nvda-tagged-structured-prompt,150,1.9320388349514563,2.1166128158569335,,1.985981308411215e-05,runs\2026-05-04_00-31-31_nvda_gpt2_nvda-tagged-structured-prompt\models\gpt2-financial-narrative-clean\checkpoint-234\trainer_state.json
2026-05-04_00-31-31_nvda_gpt2_nvda-tagged-structured-prompt,150,1.9320388349514563,,2.2919976711273193,,runs\2026-05-04_00-31-31_nvda_gpt2_nvda-tagged-structured-prompt\models\gpt2-financial-narrative-clean\checkpoint-234\trainer_state.json
2026-05-04_00-31-31_nvda_gpt2_nvda-tagged-structured-prompt,160,2.0517799352750807,1.9937135696411132,,1.752336448598131e-05,runs\2026-05-04_00-31-31_nvda_gpt2_nvda-tagged-structured-prompt\models\gpt2-financial-narrative-clean\checkpoint-234\trainer_state.json
2026-05-04_00-31-31_nvda_gpt2_nvda-tagged-structured-prompt,170,2.1812297734627832,1.9036230087280273,,1.5186915887850467e-05,runs\2026-05-04_00-31-31_nvda_gpt2_nvda-tagged-structured-prompt\models\gpt2-financial-narrative-clean\checkpoint-234\trainer_state.json
2026-05-04_00-31-31_nvda_gpt2_nvda-tagged-structured-prompt,180,2.3106796116504853,2.040393829345703,,1.2850467289719625e-05,runs\2026-05-04_00-31-31_nvda_gpt2_nvda-tagged-structured-prompt\models\gpt2-financial-narrative-clean\checkpoint-234\trainer_state.json
2026-05-04_00-31-31_nvda_gpt2_nvda-tagged-structured-prompt,190,2.440129449838188,1.949671745300293,,1.0514018691588785e-05,runs\2026-05-04_00-31-31_nvda_gpt2_nvda-tagged-structured-prompt\models\gpt2-financial-narrative-clean\checkpoint-234\trainer_state.json
2026-05-04_00-31-31_nvda_gpt2_nvda-tagged-structured-prompt,200,2.56957928802589,2.1053035736083983,,8.177570093457943e-06,runs\2026-05-04_00-31-31_nvda_gpt2_nvda-tagged-structured-prompt\models\gpt2-financial-narrative-clean\checkpoint-234\trainer_state.json
2026-05-04_00-31-31_nvda_gpt2_nvda-tagged-structured-prompt,200,2.56957928802589,,2.2784366607666016,,runs\2026-05-04_00-31-31_nvda_gpt2_nvda-tagged-structured-prompt\models\gpt2-financial-narrative-clean\checkpoint-234\trainer_state.json
2026-05-04_00-31-31_nvda_gpt2_nvda-tagged-structured-prompt,210,2.6990291262135924,2.0724647521972654,,5.841121495327103e-06,runs\2026-05-04_00-31-31_nvda_gpt2_nvda-tagged-structured-prompt\models\gpt2-financial-narrative-clean\checkpoint-234\trainer_state.json
2026-05-04_00-31-31_nvda_gpt2_nvda-tagged-structured-prompt,220,2.8284789644012944,2.0171648025512696,,3.5046728971962617e-06,runs\2026-05-04_00-31-31_nvda_gpt2_nvda-tagged-structured-prompt\models\gpt2-financial-narrative-clean\checkpoint-234\trainer_state.json
2026-05-04_00-31-31_nvda_gpt2_nvda-tagged-structured-prompt,230,2.957928802588997,2.0855148315429686,,1.1682242990654206e-06,runs\2026-05-04_00-31-31_nvda_gpt2_nvda-tagged-structured-prompt\models\gpt2-financial-narrative-clean\checkpoint-234\trainer_state.json
2026-05-04_00-31-31_nvda_gpt2_nvda-tagged-structured-prompt,234,3.0,,2.2749183177948,,runs\2026-05-04_00-31-31_nvda_gpt2_nvda-tagged-structured-prompt\models\gpt2-financial-narrative-clean\checkpoint-234\trainer_state.json
2026-05-04_09-09-04_nvda_gpt2_nvda-label-scoring,10,0.12944983818770225,4.365888977050782,,2.25e-05,runs\2026-05-04_09-09-04_nvda_gpt2_nvda-label-scoring\models\gpt2-financial-narrative-clean\checkpoint-234\trainer_state.json
2026-05-04_09-09-04_nvda_gpt2_nvda-label-scoring,20,0.2588996763754045,3.668400192260742,,4.75e-05,runs\2026-05-04_09-09-04_nvda_gpt2_nvda-label-scoring\models\gpt2-financial-narrative-clean\checkpoint-234\trainer_state.json
2026-05-04_09-09-04_nvda_gpt2_nvda-label-scoring,30,0.3883495145631068,3.3316539764404296,,4.7897196261682245e-05,runs\2026-05-04_09-09-04_nvda_gpt2_nvda-label-scoring\models\gpt2-financial-narrative-clean\checkpoint-234\trainer_state.json
2026-05-04_09-09-04_nvda_gpt2_nvda-label-scoring,40,0.517799352750809,3.103978729248047,,4.556074766355141e-05,runs\2026-05-04_09-09-04_nvda_gpt2_nvda-label-scoring\models\gpt2-financial-narrative-clean\checkpoint-234\trainer_state.json
2026-05-04_09-09-04_nvda_gpt2_nvda-label-scoring,50,0.6472491909385113,3.2284446716308595,,4.3224299065420565e-05,runs\2026-05-04_09-09-04_nvda_gpt2_nvda-label-scoring\models\gpt2-financial-narrative-clean\checkpoint-234\trainer_state.json
2026-05-04_09-09-04_nvda_gpt2_nvda-label-scoring,50,0.6472491909385113,,3.012831687927246,,runs\2026-05-04_09-09-04_nvda_gpt2_nvda-label-scoring\models\gpt2-financial-narrative-clean\checkpoint-234\trainer_state.json
2026-05-04_09-09-04_nvda_gpt2_nvda-label-scoring,60,0.7766990291262136,3.0778146743774415,,4.088785046728972e-05,runs\2026-05-04_09-09-04_nvda_gpt2_nvda-label-scoring\models\gpt2-financial-narrative-clean\checkpoint-234\trainer_state.json
2026-05-04_09-09-04_nvda_gpt2_nvda-label-scoring,70,0.9061488673139159,2.9565866470336912,,3.855140186915888e-05,runs\2026-05-04_09-09-04_nvda_gpt2_nvda-label-scoring\models\gpt2-financial-narrative-clean\checkpoint-234\trainer_state.json
2026-05-04_09-09-04_nvda_gpt2_nvda-label-scoring,80,1.0258899676375404,3.0144721984863283,,3.621495327102804e-05,runs\2026-05-04_09-09-04_nvda_gpt2_nvda-label-scoring\models\gpt2-financial-narrative-clean\checkpoint-234\trainer_state.json
2026-05-04_09-09-04_nvda_gpt2_nvda-label-scoring,90,1.1553398058252426,2.77230167388916,,3.38785046728972e-05,runs\2026-05-04_09-09-04_nvda_gpt2_nvda-label-scoring\models\gpt2-financial-narrative-clean\checkpoint-234\trainer_state.json
2026-05-04_09-09-04_nvda_gpt2_nvda-label-scoring,100,1.284789644012945,2.771325874328613,,3.1542056074766355e-05,runs\2026-05-04_09-09-04_nvda_gpt2_nvda-label-scoring\models\gpt2-financial-narrative-clean\checkpoint-234\trainer_state.json
2026-05-04_09-09-04_nvda_gpt2_nvda-label-scoring,100,1.284789644012945,,2.8809938430786133,,runs\2026-05-04_09-09-04_nvda_gpt2_nvda-label-scoring\models\gpt2-financial-narrative-clean\checkpoint-234\trainer_state.json
2026-05-04_09-09-04_nvda_gpt2_nvda-label-scoring,110,1.4142394822006472,2.6713523864746094,,2.9205607476635515e-05,runs\2026-05-04_09-09-04_nvda_gpt2_nvda-label-scoring\models\gpt2-financial-narrative-clean\checkpoint-234\trainer_state.json
2026-05-04_09-09-04_nvda_gpt2_nvda-label-scoring,120,1.5436893203883495,2.740613555908203,,2.6869158878504675e-05,runs\2026-05-04_09-09-04_nvda_gpt2_nvda-label-scoring\models\gpt2-financial-narrative-clean\checkpoint-234\trainer_state.json
2026-05-04_09-09-04_nvda_gpt2_nvda-label-scoring,130,1.6731391585760518,2.575186347961426,,2.4532710280373832e-05,runs\2026-05-04_09-09-04_nvda_gpt2_nvda-label-scoring\models\gpt2-financial-narrative-clean\checkpoint-234\trainer_state.json
2026-05-04_09-09-04_nvda_gpt2_nvda-label-scoring,140,1.802588996763754,2.6940183639526367,,2.2196261682242992e-05,runs\2026-05-04_09-09-04_nvda_gpt2_nvda-label-scoring\models\gpt2-financial-narrative-clean\checkpoint-234\trainer_state.json
2026-05-04_09-09-04_nvda_gpt2_nvda-label-scoring,150,1.9320388349514563,2.645853805541992,,1.985981308411215e-05,runs\2026-05-04_09-09-04_nvda_gpt2_nvda-label-scoring\models\gpt2-financial-narrative-clean\checkpoint-234\trainer_state.json
2026-05-04_09-09-04_nvda_gpt2_nvda-label-scoring,150,1.9320388349514563,,2.832274913787842,,runs\2026-05-04_09-09-04_nvda_gpt2_nvda-label-scoring\models\gpt2-financial-narrative-clean\checkpoint-234\trainer_state.json
2026-05-04_09-09-04_nvda_gpt2_nvda-label-scoring,160,2.0517799352750807,2.4878314971923827,,1.752336448598131e-05,runs\2026-05-04_09-09-04_nvda_gpt2_nvda-label-scoring\models\gpt2-financial-narrative-clean\checkpoint-234\trainer_state.json
2026-05-04_09-09-04_nvda_gpt2_nvda-label-scoring,170,2.1812297734627832,2.3782400131225585,,1.5186915887850467e-05,runs\2026-05-04_09-09-04_nvda_gpt2_nvda-label-scoring\models\gpt2-financial-narrative-clean\checkpoint-234\trainer_state.json
2026-05-04_09-09-04_nvda_gpt2_nvda-label-scoring,180,2.3106796116504853,2.5510602951049806,,1.2850467289719625e-05,runs\2026-05-04_09-09-04_nvda_gpt2_nvda-label-scoring\models\gpt2-financial-narrative-clean\checkpoint-234\trainer_state.json
2026-05-04_09-09-04_nvda_gpt2_nvda-label-scoring,190,2.440129449838188,2.4448585510253906,,1.0514018691588785e-05,runs\2026-05-04_09-09-04_nvda_gpt2_nvda-label-scoring\models\gpt2-financial-narrative-clean\checkpoint-234\trainer_state.json
2026-05-04_09-09-04_nvda_gpt2_nvda-label-scoring,200,2.56957928802589,2.612956428527832,,8.177570093457943e-06,runs\2026-05-04_09-09-04_nvda_gpt2_nvda-label-scoring\models\gpt2-financial-narrative-clean\checkpoint-234\trainer_state.json
2026-05-04_09-09-04_nvda_gpt2_nvda-label-scoring,200,2.56957928802589,,2.8104045391082764,,runs\2026-05-04_09-09-04_nvda_gpt2_nvda-label-scoring\models\gpt2-financial-narrative-clean\checkpoint-234\trainer_state.json
2026-05-04_09-09-04_nvda_gpt2_nvda-label-scoring,210,2.6990291262135924,2.5928720474243163,,5.841121495327103e-06,runs\2026-05-04_09-09-04_nvda_gpt2_nvda-label-scoring\models\gpt2-financial-narrative-clean\checkpoint-234\trainer_state.json
2026-05-04_09-09-04_nvda_gpt2_nvda-label-scoring,220,2.8284789644012944,2.482870864868164,,3.5046728971962617e-06,runs\2026-05-04_09-09-04_nvda_gpt2_nvda-label-scoring\models\gpt2-financial-narrative-clean\checkpoint-234\trainer_state.json
2026-05-04_09-09-04_nvda_gpt2_nvda-label-scoring,230,2.957928802588997,2.5478517532348635,,1.1682242990654206e-06,runs\2026-05-04_09-09-04_nvda_gpt2_nvda-label-scoring\models\gpt2-financial-narrative-clean\checkpoint-234\trainer_state.json
2026-05-04_09-09-04_nvda_gpt2_nvda-label-scoring,234,3.0,,2.8074252605438232,,runs\2026-05-04_09-09-04_nvda_gpt2_nvda-label-scoring\models\gpt2-financial-narrative-clean\checkpoint-234\trainer_state.json
2026-05-04_18-09-40_nvda_gpt2_nvda-binary-direction-features,10,0.12944983818770225,4.302644348144531,,2.25e-05,runs\2026-05-04_18-09-40_nvda_gpt2_nvda-binary-direction-features\models\gpt2-financial-narrative-clean\checkpoint-234\trainer_state.json
2026-05-04_18-09-40_nvda_gpt2_nvda-binary-direction-features,20,0.2588996763754045,3.6301651000976562,,4.75e-05,runs\2026-05-04_18-09-40_nvda_gpt2_nvda-binary-direction-features\models\gpt2-financial-narrative-clean\checkpoint-234\trainer_state.json
2026-05-04_18-09-40_nvda_gpt2_nvda-binary-direction-features,30,0.3883495145631068,3.3248939514160156,,4.7897196261682245e-05,runs\2026-05-04_18-09-40_nvda_gpt2_nvda-binary-direction-features\models\gpt2-financial-narrative-clean\checkpoint-234\trainer_state.json
2026-05-04_18-09-40_nvda_gpt2_nvda-binary-direction-features,40,0.517799352750809,3.115709686279297,,4.556074766355141e-05,runs\2026-05-04_18-09-40_nvda_gpt2_nvda-binary-direction-features\models\gpt2-financial-narrative-clean\checkpoint-234\trainer_state.json
2026-05-04_18-09-40_nvda_gpt2_nvda-binary-direction-features,50,0.6472491909385113,3.2354854583740233,,4.3224299065420565e-05,runs\2026-05-04_18-09-40_nvda_gpt2_nvda-binary-direction-features\models\gpt2-financial-narrative-clean\checkpoint-234\trainer_state.json
2026-05-04_18-09-40_nvda_gpt2_nvda-binary-direction-features,50,0.6472491909385113,,3.0052642822265625,,runs\2026-05-04_18-09-40_nvda_gpt2_nvda-binary-direction-features\models\gpt2-financial-narrative-clean\checkpoint-234\trainer_state.json
2026-05-04_18-09-40_nvda_gpt2_nvda-binary-direction-features,60,0.7766990291262136,3.0608572006225585,,4.088785046728972e-05,runs\2026-05-04_18-09-40_nvda_gpt2_nvda-binary-direction-features\models\gpt2-financial-narrative-clean\checkpoint-234\trainer_state.json
2026-05-04_18-09-40_nvda_gpt2_nvda-binary-direction-features,70,0.9061488673139159,2.9368457794189453,,3.855140186915888e-05,runs\2026-05-04_18-09-40_nvda_gpt2_nvda-binary-direction-features\models\gpt2-financial-narrative-clean\checkpoint-234\trainer_state.json
2026-05-04_18-09-40_nvda_gpt2_nvda-binary-direction-features,80,1.0258899676375404,2.990786552429199,,3.621495327102804e-05,runs\2026-05-04_18-09-40_nvda_gpt2_nvda-binary-direction-features\models\gpt2-financial-narrative-clean\checkpoint-234\trainer_state.json
2026-05-04_18-09-40_nvda_gpt2_nvda-binary-direction-features,90,1.1553398058252426,2.7675683975219725,,3.38785046728972e-05,runs\2026-05-04_18-09-40_nvda_gpt2_nvda-binary-direction-features\models\gpt2-financial-narrative-clean\checkpoint-234\trainer_state.json
2026-05-04_18-09-40_nvda_gpt2_nvda-binary-direction-features,100,1.284789644012945,2.759389305114746,,3.1542056074766355e-05,runs\2026-05-04_18-09-40_nvda_gpt2_nvda-binary-direction-features\models\gpt2-financial-narrative-clean\checkpoint-234\trainer_state.json
2026-05-04_18-09-40_nvda_gpt2_nvda-binary-direction-features,100,1.284789644012945,,2.878567695617676,,runs\2026-05-04_18-09-40_nvda_gpt2_nvda-binary-direction-features\models\gpt2-financial-narrative-clean\checkpoint-234\trainer_state.json
2026-05-04_18-09-40_nvda_gpt2_nvda-binary-direction-features,110,1.4142394822006472,2.6752195358276367,,2.9205607476635515e-05,runs\2026-05-04_18-09-40_nvda_gpt2_nvda-binary-direction-features\models\gpt2-financial-narrative-clean\checkpoint-234\trainer_state.json
2026-05-04_18-09-40_nvda_gpt2_nvda-binary-direction-features,120,1.5436893203883495,2.7286540985107424,,2.6869158878504675e-05,runs\2026-05-04_18-09-40_nvda_gpt2_nvda-binary-direction-features\models\gpt2-financial-narrative-clean\checkpoint-234\trainer_state.json
2026-05-04_18-09-40_nvda_gpt2_nvda-binary-direction-features,130,1.6731391585760518,2.5827394485473634,,2.4532710280373832e-05,runs\2026-05-04_18-09-40_nvda_gpt2_nvda-binary-direction-features\models\gpt2-financial-narrative-clean\checkpoint-234\trainer_state.json
2026-05-04_18-09-40_nvda_gpt2_nvda-binary-direction-features,140,1.802588996763754,2.7069318771362303,,2.2196261682242992e-05,runs\2026-05-04_18-09-40_nvda_gpt2_nvda-binary-direction-features\models\gpt2-financial-narrative-clean\checkpoint-234\trainer_state.json
2026-05-04_18-09-40_nvda_gpt2_nvda-binary-direction-features,150,1.9320388349514563,2.6395402908325196,,1.985981308411215e-05,runs\2026-05-04_18-09-40_nvda_gpt2_nvda-binary-direction-features\models\gpt2-financial-narrative-clean\checkpoint-234\trainer_state.json
2026-05-04_18-09-40_nvda_gpt2_nvda-binary-direction-features,150,1.9320388349514563,,2.8255300521850586,,runs\2026-05-04_18-09-40_nvda_gpt2_nvda-binary-direction-features\models\gpt2-financial-narrative-clean\checkpoint-234\trainer_state.json
2026-05-04_18-09-40_nvda_gpt2_nvda-binary-direction-features,160,2.0517799352750807,2.4738922119140625,,1.752336448598131e-05,runs\2026-05-04_18-09-40_nvda_gpt2_nvda-binary-direction-features\models\gpt2-financial-narrative-clean\checkpoint-234\trainer_state.json
2026-05-04_18-09-40_nvda_gpt2_nvda-binary-direction-features,170,2.1812297734627832,2.3624103546142576,,1.5186915887850467e-05,runs\2026-05-04_18-09-40_nvda_gpt2_nvda-binary-direction-features\models\gpt2-financial-narrative-clean\checkpoint-234\trainer_state.json
2026-05-04_18-09-40_nvda_gpt2_nvda-binary-direction-features,180,2.3106796116504853,2.5437814712524416,,1.2850467289719625e-05,runs\2026-05-04_18-09-40_nvda_gpt2_nvda-binary-direction-features\models\gpt2-financial-narrative-clean\checkpoint-234\trainer_state.json
2026-05-04_18-09-40_nvda_gpt2_nvda-binary-direction-features,190,2.440129449838188,2.454895782470703,,1.0514018691588785e-05,runs\2026-05-04_18-09-40_nvda_gpt2_nvda-binary-direction-features\models\gpt2-financial-narrative-clean\checkpoint-234\trainer_state.json
2026-05-04_18-09-40_nvda_gpt2_nvda-binary-direction-features,200,2.56957928802589,2.607728958129883,,8.177570093457943e-06,runs\2026-05-04_18-09-40_nvda_gpt2_nvda-binary-direction-features\models\gpt2-financial-narrative-clean\checkpoint-234\trainer_state.json
2026-05-04_18-09-40_nvda_gpt2_nvda-binary-direction-features,200,2.56957928802589,,2.80692720413208,,runs\2026-05-04_18-09-40_nvda_gpt2_nvda-binary-direction-features\models\gpt2-financial-narrative-clean\checkpoint-234\trainer_state.json
2026-05-04_18-09-40_nvda_gpt2_nvda-binary-direction-features,210,2.6990291262135924,2.6099597930908205,,5.841121495327103e-06,runs\2026-05-04_18-09-40_nvda_gpt2_nvda-binary-direction-features\models\gpt2-financial-narrative-clean\checkpoint-234\trainer_state.json
2026-05-04_18-09-40_nvda_gpt2_nvda-binary-direction-features,220,2.8284789644012944,2.489632225036621,,3.5046728971962617e-06,runs\2026-05-04_18-09-40_nvda_gpt2_nvda-binary-direction-features\models\gpt2-financial-narrative-clean\checkpoint-234\trainer_state.json
2026-05-04_18-09-40_nvda_gpt2_nvda-binary-direction-features,230,2.957928802588997,2.5632278442382814,,1.1682242990654206e-06,runs\2026-05-04_18-09-40_nvda_gpt2_nvda-binary-direction-features\models\gpt2-financial-narrative-clean\checkpoint-234\trainer_state.json
2026-05-04_18-09-40_nvda_gpt2_nvda-binary-direction-features,234,3.0,,2.803347110748291,,runs\2026-05-04_18-09-40_nvda_gpt2_nvda-binary-direction-features\models\gpt2-financial-narrative-clean\checkpoint-234\trainer_state.json
2026-05-05_10-41-34_nvda-amd-avgo_gpt2_nvda-amd-avgo,10,0.0427807486631016,4.410134124755859,,2.25e-05,runs\2026-05-05_10-41-34_nvda-amd-avgo_gpt2_nvda-amd-avgo\models\gpt2-financial-narrative-clean\checkpoint-702\trainer_state.json
2026-05-05_10-41-34_nvda-amd-avgo_gpt2_nvda-amd-avgo,20,0.0855614973262032,3.6907543182373046,,4.75e-05,runs\2026-05-05_10-41-34_nvda-amd-avgo_gpt2_nvda-amd-avgo\models\gpt2-financial-narrative-clean\checkpoint-702\trainer_state.json
2026-05-05_10-41-34_nvda-amd-avgo_gpt2_nvda-amd-avgo,30,0.12834224598930483,3.2752429962158205,,4.934017595307918e-05,runs\2026-05-05_10-41-34_nvda-amd-avgo_gpt2_nvda-amd-avgo\models\gpt2-financial-narrative-clean\checkpoint-702\trainer_state.json
2026-05-05_10-41-34_nvda-amd-avgo_gpt2_nvda-amd-avgo,40,0.1711229946524064,3.264209747314453,,4.860703812316716e-05,runs\2026-05-05_10-41-34_nvda-amd-avgo_gpt2_nvda-amd-avgo\models\gpt2-financial-narrative-clean\checkpoint-702\trainer_state.json
2026-05-05_10-41-34_nvda-amd-avgo_gpt2_nvda-amd-avgo,50,0.21390374331550802,3.1499258041381837,,4.7873900293255135e-05,runs\2026-05-05_10-41-34_nvda-amd-avgo_gpt2_nvda-amd-avgo\models\gpt2-financial-narrative-clean\checkpoint-702\trainer_state.json
2026-05-05_10-41-34_nvda-amd-avgo_gpt2_nvda-amd-avgo,50,0.21390374331550802,,2.818068742752075,,runs\2026-05-05_10-41-34_nvda-amd-avgo_gpt2_nvda-amd-avgo\models\gpt2-financial-narrative-clean\checkpoint-702\trainer_state.json
2026-05-05_10-41-34_nvda-amd-avgo_gpt2_nvda-amd-avgo,60,0.25668449197860965,3.058328628540039,,4.714076246334311e-05,runs\2026-05-05_10-41-34_nvda-amd-avgo_gpt2_nvda-amd-avgo\models\gpt2-financial-narrative-clean\checkpoint-702\trainer_state.json
2026-05-05_10-41-34_nvda-amd-avgo_gpt2_nvda-amd-avgo,70,0.2994652406417112,3.0068727493286134,,4.6407624633431084e-05,runs\2026-05-05_10-41-34_nvda-amd-avgo_gpt2_nvda-amd-avgo\models\gpt2-financial-narrative-clean\checkpoint-702\trainer_state.json
2026-05-05_10-41-34_nvda-amd-avgo_gpt2_nvda-amd-avgo,80,0.3422459893048128,2.8719221115112306,,4.567448680351906e-05,runs\2026-05-05_10-41-34_nvda-amd-avgo_gpt2_nvda-amd-avgo\models\gpt2-financial-narrative-clean\checkpoint-702\trainer_state.json
2026-05-05_10-41-34_nvda-amd-avgo_gpt2_nvda-amd-avgo,90,0.3850267379679144,3.042206954956055,,4.494134897360704e-05,runs\2026-05-05_10-41-34_nvda-amd-avgo_gpt2_nvda-amd-avgo\models\gpt2-financial-narrative-clean\checkpoint-702\trainer_state.json
2026-05-05_10-41-34_nvda-amd-avgo_gpt2_nvda-amd-avgo,100,0.42780748663101603,2.950459289550781,,4.420821114369502e-05,runs\2026-05-05_10-41-34_nvda-amd-avgo_gpt2_nvda-amd-avgo\models\gpt2-financial-narrative-clean\checkpoint-702\trainer_state.json
2026-05-05_10-41-34_nvda-amd-avgo_gpt2_nvda-amd-avgo,100,0.42780748663101603,,2.6987884044647217,,runs\2026-05-05_10-41-34_nvda-amd-avgo_gpt2_nvda-amd-avgo\models\gpt2-financial-narrative-clean\checkpoint-702\trainer_state.json
2026-05-05_10-41-34_nvda-amd-avgo_gpt2_nvda-amd-avgo,110,0.47058823529411764,2.884694290161133,,4.3475073313782996e-05,runs\2026-05-05_10-41-34_nvda-amd-avgo_gpt2_nvda-amd-avgo\models\gpt2-financial-narrative-clean\checkpoint-702\trainer_state.json
2026-05-05_10-41-34_nvda-amd-avgo_gpt2_nvda-amd-avgo,120,0.5133689839572193,2.7992055892944334,,4.2741935483870973e-05,runs\2026-05-05_10-41-34_nvda-amd-avgo_gpt2_nvda-amd-avgo\models\gpt2-financial-narrative-clean\checkpoint-702\trainer_state.json
2026-05-05_10-41-34_nvda-amd-avgo_gpt2_nvda-amd-avgo,130,0.5561497326203209,2.889073944091797,,4.2008797653958945e-05,runs\2026-05-05_10-41-34_nvda-amd-avgo_gpt2_nvda-amd-avgo\models\gpt2-financial-narrative-clean\checkpoint-702\trainer_state.json
2026-05-05_10-41-34_nvda-amd-avgo_gpt2_nvda-amd-avgo,140,0.5989304812834224,2.7244846343994142,,4.127565982404692e-05,runs\2026-05-05_10-41-34_nvda-amd-avgo_gpt2_nvda-amd-avgo\models\gpt2-financial-narrative-clean\checkpoint-702\trainer_state.json
2026-05-05_10-41-34_nvda-amd-avgo_gpt2_nvda-amd-avgo,150,0.6417112299465241,2.8115650177001954,,4.0542521994134894e-05,runs\2026-05-05_10-41-34_nvda-amd-avgo_gpt2_nvda-amd-avgo\models\gpt2-financial-narrative-clean\checkpoint-702\trainer_state.json
2026-05-05_10-41-34_nvda-amd-avgo_gpt2_nvda-amd-avgo,150,0.6417112299465241,,2.6252036094665527,,runs\2026-05-05_10-41-34_nvda-amd-avgo_gpt2_nvda-amd-avgo\models\gpt2-financial-narrative-clean\checkpoint-702\trainer_state.json
2026-05-05_10-41-34_nvda-amd-avgo_gpt2_nvda-amd-avgo,160,0.6844919786096256,2.8195541381835936,,3.980938416422287e-05,runs\2026-05-05_10-41-34_nvda-amd-avgo_gpt2_nvda-amd-avgo\models\gpt2-financial-narrative-clean\checkpoint-702\trainer_state.json
2026-05-05_10-41-34_nvda-amd-avgo_gpt2_nvda-amd-avgo,170,0.7272727272727273,2.8531719207763673,,3.907624633431085e-05,runs\2026-05-05_10-41-34_nvda-amd-avgo_gpt2_nvda-amd-avgo\models\gpt2-financial-narrative-clean\checkpoint-702\trainer_state.json
2026-05-05_10-41-34_nvda-amd-avgo_gpt2_nvda-amd-avgo,180,0.7700534759358288,2.7218345642089843,,3.834310850439883e-05,runs\2026-05-05_10-41-34_nvda-amd-avgo_gpt2_nvda-amd-avgo\models\gpt2-financial-narrative-clean\checkpoint-702\trainer_state.json
2026-05-05_10-41-34_nvda-amd-avgo_gpt2_nvda-amd-avgo,190,0.8128342245989305,2.7377397537231447,,3.7609970674486805e-05,runs\2026-05-05_10-41-34_nvda-amd-avgo_gpt2_nvda-amd-avgo\models\gpt2-financial-narrative-clean\checkpoint-702\trainer_state.json
2026-05-05_10-41-34_nvda-amd-avgo_gpt2_nvda-amd-avgo,200,0.8556149732620321,2.726491165161133,,3.687683284457478e-05,runs\2026-05-05_10-41-34_nvda-amd-avgo_gpt2_nvda-amd-avgo\models\gpt2-financial-narrative-clean\checkpoint-702\trainer_state.json
2026-05-05_10-41-34_nvda-amd-avgo_gpt2_nvda-amd-avgo,200,0.8556149732620321,,2.563061475753784,,runs\2026-05-05_10-41-34_nvda-amd-avgo_gpt2_nvda-amd-avgo\models\gpt2-financial-narrative-clean\checkpoint-702\trainer_state.json
2026-05-05_10-41-34_nvda-amd-avgo_gpt2_nvda-amd-avgo,210,0.8983957219251337,2.8732017517089843,,3.614369501466276e-05,runs\2026-05-05_10-41-34_nvda-amd-avgo_gpt2_nvda-amd-avgo\models\gpt2-financial-narrative-clean\checkpoint-702\trainer_state.json
2026-05-05_10-41-34_nvda-amd-avgo_gpt2_nvda-amd-avgo,220,0.9411764705882353,2.8674455642700196,,3.541055718475074e-05,runs\2026-05-05_10-41-34_nvda-amd-avgo_gpt2_nvda-amd-avgo\models\gpt2-financial-narrative-clean\checkpoint-702\trainer_state.json
2026-05-05_10-41-34_nvda-amd-avgo_gpt2_nvda-amd-avgo,230,0.983957219251337,2.651930046081543,,3.467741935483872e-05,runs\2026-05-05_10-41-34_nvda-amd-avgo_gpt2_nvda-amd-avgo\models\gpt2-financial-narrative-clean\checkpoint-702\trainer_state.json
2026-05-05_10-41-34_nvda-amd-avgo_gpt2_nvda-amd-avgo,240,1.025668449197861,2.595941352844238,,3.394428152492669e-05,runs\2026-05-05_10-41-34_nvda-amd-avgo_gpt2_nvda-amd-avgo\models\gpt2-financial-narrative-clean\checkpoint-702\trainer_state.json
2026-05-05_10-41-34_nvda-amd-avgo_gpt2_nvda-amd-avgo,250,1.0684491978609625,2.5152000427246093,,3.3211143695014666e-05,runs\2026-05-05_10-41-34_nvda-amd-avgo_gpt2_nvda-amd-avgo\models\gpt2-financial-narrative-clean\checkpoint-702\trainer_state.json
2026-05-05_10-41-34_nvda-amd-avgo_gpt2_nvda-amd-avgo,250,1.0684491978609625,,2.5110082626342773,,runs\2026-05-05_10-41-34_nvda-amd-avgo_gpt2_nvda-amd-avgo\models\gpt2-financial-narrative-clean\checkpoint-702\trainer_state.json
2026-05-05_10-41-34_nvda-amd-avgo_gpt2_nvda-amd-avgo,260,1.1112299465240643,2.5467626571655275,,3.247800586510264e-05,runs\2026-05-05_10-41-34_nvda-amd-avgo_gpt2_nvda-amd-avgo\models\gpt2-financial-narrative-clean\checkpoint-702\trainer_state.json
2026-05-05_10-41-34_nvda-amd-avgo_gpt2_nvda-amd-avgo,270,1.1540106951871658,2.448835563659668,,3.1744868035190615e-05,runs\2026-05-05_10-41-34_nvda-amd-avgo_gpt2_nvda-amd-avgo\models\gpt2-financial-narrative-clean\checkpoint-702\trainer_state.json
2026-05-05_10-41-34_nvda-amd-avgo_gpt2_nvda-amd-avgo,280,1.1967914438502674,2.4102493286132813,,3.101173020527859e-05,runs\2026-05-05_10-41-34_nvda-amd-avgo_gpt2_nvda-amd-avgo\models\gpt2-financial-narrative-clean\checkpoint-702\trainer_state.json
2026-05-05_10-41-34_nvda-amd-avgo_gpt2_nvda-amd-avgo,290,1.239572192513369,2.394755554199219,,3.027859237536657e-05,runs\2026-05-05_10-41-34_nvda-amd-avgo_gpt2_nvda-amd-avgo\models\gpt2-financial-narrative-clean\checkpoint-702\trainer_state.json
2026-05-05_10-41-34_nvda-amd-avgo_gpt2_nvda-amd-avgo,300,1.2823529411764705,2.648145294189453,,2.954545454545455e-05,runs\2026-05-05_10-41-34_nvda-amd-avgo_gpt2_nvda-amd-avgo\models\gpt2-financial-narrative-clean\checkpoint-702\trainer_state.json
2026-05-05_10-41-34_nvda-amd-avgo_gpt2_nvda-amd-avgo,300,1.2823529411764705,,2.494457483291626,,runs\2026-05-05_10-41-34_nvda-amd-avgo_gpt2_nvda-amd-avgo\models\gpt2-financial-narrative-clean\checkpoint-702\trainer_state.json
2026-05-05_10-41-34_nvda-amd-avgo_gpt2_nvda-amd-avgo,310,1.3251336898395722,2.4278676986694334,,2.8812316715542526e-05,runs\2026-05-05_10-41-34_nvda-amd-avgo_gpt2_nvda-amd-avgo\models\gpt2-financial-narrative-clean\checkpoint-702\trainer_state.json
2026-05-05_10-41-34_nvda-amd-avgo_gpt2_nvda-amd-avgo,320,1.3679144385026738,2.5602970123291016,,2.8079178885630497e-05,runs\2026-05-05_10-41-34_nvda-amd-avgo_gpt2_nvda-amd-avgo\models\gpt2-financial-narrative-clean\checkpoint-702\trainer_state.json
2026-05-05_10-41-34_nvda-amd-avgo_gpt2_nvda-amd-avgo,330,1.4106951871657754,2.2980188369750976,,2.7346041055718475e-05,runs\2026-05-05_10-41-34_nvda-amd-avgo_gpt2_nvda-amd-avgo\models\gpt2-financial-narrative-clean\checkpoint-702\trainer_state.json
2026-05-05_10-41-34_nvda-amd-avgo_gpt2_nvda-amd-avgo,340,1.4534759358288771,2.5262794494628906,,2.661290322580645e-05,runs\2026-05-05_10-41-34_nvda-amd-avgo_gpt2_nvda-amd-avgo\models\gpt2-financial-narrative-clean\checkpoint-702\trainer_state.json
2026-05-05_10-41-34_nvda-amd-avgo_gpt2_nvda-amd-avgo,350,1.4962566844919787,2.3932905197143555,,2.5879765395894428e-05,runs\2026-05-05_10-41-34_nvda-amd-avgo_gpt2_nvda-amd-avgo\models\gpt2-financial-narrative-clean\checkpoint-702\trainer_state.json
2026-05-05_10-41-34_nvda-amd-avgo_gpt2_nvda-amd-avgo,350,1.4962566844919787,,2.4670209884643555,,runs\2026-05-05_10-41-34_nvda-amd-avgo_gpt2_nvda-amd-avgo\models\gpt2-financial-narrative-clean\checkpoint-702\trainer_state.json
2026-05-05_10-41-34_nvda-amd-avgo_gpt2_nvda-amd-avgo,360,1.5390374331550802,2.262823295593262,,2.5146627565982406e-05,runs\2026-05-05_10-41-34_nvda-amd-avgo_gpt2_nvda-amd-avgo\models\gpt2-financial-narrative-clean\checkpoint-702\trainer_state.json
2026-05-05_10-41-34_nvda-amd-avgo_gpt2_nvda-amd-avgo,370,1.5818181818181818,2.473017120361328,,2.4413489736070384e-05,runs\2026-05-05_10-41-34_nvda-amd-avgo_gpt2_nvda-amd-avgo\models\gpt2-financial-narrative-clean\checkpoint-702\trainer_state.json
2026-05-05_10-41-34_nvda-amd-avgo_gpt2_nvda-amd-avgo,380,1.6245989304812833,2.427450942993164,,2.368035190615836e-05,runs\2026-05-05_10-41-34_nvda-amd-avgo_gpt2_nvda-amd-avgo\models\gpt2-financial-narrative-clean\checkpoint-702\trainer_state.json
2026-05-05_10-41-34_nvda-amd-avgo_gpt2_nvda-amd-avgo,390,1.6673796791443851,2.4086563110351564,,2.2947214076246336e-05,runs\2026-05-05_10-41-34_nvda-amd-avgo_gpt2_nvda-amd-avgo\models\gpt2-financial-narrative-clean\checkpoint-702\trainer_state.json
2026-05-05_10-41-34_nvda-amd-avgo_gpt2_nvda-amd-avgo,400,1.7101604278074867,2.4539199829101563,,2.221407624633431e-05,runs\2026-05-05_10-41-34_nvda-amd-avgo_gpt2_nvda-amd-avgo\models\gpt2-financial-narrative-clean\checkpoint-702\trainer_state.json
2026-05-05_10-41-34_nvda-amd-avgo_gpt2_nvda-amd-avgo,400,1.7101604278074867,,2.4495155811309814,,runs\2026-05-05_10-41-34_nvda-amd-avgo_gpt2_nvda-amd-avgo\models\gpt2-financial-narrative-clean\checkpoint-702\trainer_state.json
2026-05-05_10-41-34_nvda-amd-avgo_gpt2_nvda-amd-avgo,410,1.7529411764705882,2.5139389038085938,,2.148093841642229e-05,runs\2026-05-05_10-41-34_nvda-amd-avgo_gpt2_nvda-amd-avgo\models\gpt2-financial-narrative-clean\checkpoint-702\trainer_state.json
2026-05-05_10-41-34_nvda-amd-avgo_gpt2_nvda-amd-avgo,420,1.79572192513369,2.4477619171142577,,2.0747800586510266e-05,runs\2026-05-05_10-41-34_nvda-amd-avgo_gpt2_nvda-amd-avgo\models\gpt2-financial-narrative-clean\checkpoint-702\trainer_state.json
2026-05-05_10-41-34_nvda-amd-avgo_gpt2_nvda-amd-avgo,430,1.8385026737967913,2.4811229705810547,,2.001466275659824e-05,runs\2026-05-05_10-41-34_nvda-amd-avgo_gpt2_nvda-amd-avgo\models\gpt2-financial-narrative-clean\checkpoint-702\trainer_state.json
2026-05-05_10-41-34_nvda-amd-avgo_gpt2_nvda-amd-avgo,440,1.881283422459893,2.4112228393554687,,1.928152492668622e-05,runs\2026-05-05_10-41-34_nvda-amd-avgo_gpt2_nvda-amd-avgo\models\gpt2-financial-narrative-clean\checkpoint-702\trainer_state.json
2026-05-05_10-41-34_nvda-amd-avgo_gpt2_nvda-amd-avgo,450,1.9240641711229947,2.4653167724609375,,1.8548387096774193e-05,runs\2026-05-05_10-41-34_nvda-amd-avgo_gpt2_nvda-amd-avgo\models\gpt2-financial-narrative-clean\checkpoint-702\trainer_state.json
2026-05-05_10-41-34_nvda-amd-avgo_gpt2_nvda-amd-avgo,450,1.9240641711229947,,2.433774948120117,,runs\2026-05-05_10-41-34_nvda-amd-avgo_gpt2_nvda-amd-avgo\models\gpt2-financial-narrative-clean\checkpoint-702\trainer_state.json
2026-05-05_10-41-34_nvda-amd-avgo_gpt2_nvda-amd-avgo,460,1.9668449197860962,2.4805164337158203,,1.781524926686217e-05,runs\2026-05-05_10-41-34_nvda-amd-avgo_gpt2_nvda-amd-avgo\models\gpt2-financial-narrative-clean\checkpoint-702\trainer_state.json
2026-05-05_10-41-34_nvda-amd-avgo_gpt2_nvda-amd-avgo,470,2.0085561497326205,2.272235107421875,,1.7082111436950146e-05,runs\2026-05-05_10-41-34_nvda-amd-avgo_gpt2_nvda-amd-avgo\models\gpt2-financial-narrative-clean\checkpoint-702\trainer_state.json
2026-05-05_10-41-34_nvda-amd-avgo_gpt2_nvda-amd-avgo,480,2.051336898395722,2.2872735977172853,,1.6348973607038123e-05,runs\2026-05-05_10-41-34_nvda-amd-avgo_gpt2_nvda-amd-avgo\models\gpt2-financial-narrative-clean\checkpoint-702\trainer_state.json
2026-05-05_10-41-34_nvda-amd-avgo_gpt2_nvda-amd-avgo,490,2.0941176470588236,2.3794376373291017,,1.56158357771261e-05,runs\2026-05-05_10-41-34_nvda-amd-avgo_gpt2_nvda-amd-avgo\models\gpt2-financial-narrative-clean\checkpoint-702\trainer_state.json
2026-05-05_10-41-34_nvda-amd-avgo_gpt2_nvda-amd-avgo,500,2.136898395721925,2.2530147552490236,,1.4882697947214078e-05,runs\2026-05-05_10-41-34_nvda-amd-avgo_gpt2_nvda-amd-avgo\models\gpt2-financial-narrative-clean\checkpoint-702\trainer_state.json
2026-05-05_10-41-34_nvda-amd-avgo_gpt2_nvda-amd-avgo,500,2.136898395721925,,2.4406425952911377,,runs\2026-05-05_10-41-34_nvda-amd-avgo_gpt2_nvda-amd-avgo\models\gpt2-financial-narrative-clean\checkpoint-702\trainer_state.json
2026-05-05_10-41-34_nvda-amd-avgo_gpt2_nvda-amd-avgo,510,2.1796791443850267,2.1948368072509767,,1.4149560117302055e-05,runs\2026-05-05_10-41-34_nvda-amd-avgo_gpt2_nvda-amd-avgo\models\gpt2-financial-narrative-clean\checkpoint-702\trainer_state.json
2026-05-05_10-41-34_nvda-amd-avgo_gpt2_nvda-amd-avgo,520,2.2224598930481285,2.148171615600586,,1.341642228739003e-05,runs\2026-05-05_10-41-34_nvda-amd-avgo_gpt2_nvda-amd-avgo\models\gpt2-financial-narrative-clean\checkpoint-702\trainer_state.json
2026-05-05_10-41-34_nvda-amd-avgo_gpt2_nvda-amd-avgo,530,2.26524064171123,2.327358436584473,,1.2683284457478006e-05,runs\2026-05-05_10-41-34_nvda-amd-avgo_gpt2_nvda-amd-avgo\models\gpt2-financial-narrative-clean\checkpoint-702\trainer_state.json
2026-05-05_10-41-34_nvda-amd-avgo_gpt2_nvda-amd-avgo,540,2.3080213903743316,2.2921367645263673,,1.1950146627565984e-05,runs\2026-05-05_10-41-34_nvda-amd-avgo_gpt2_nvda-amd-avgo\models\gpt2-financial-narrative-clean\checkpoint-702\trainer_state.json
2026-05-05_10-41-34_nvda-amd-avgo_gpt2_nvda-amd-avgo,550,2.350802139037433,2.265947151184082,,1.1217008797653959e-05,runs\2026-05-05_10-41-34_nvda-amd-avgo_gpt2_nvda-amd-avgo\models\gpt2-financial-narrative-clean\checkpoint-702\trainer_state.json
2026-05-05_10-41-34_nvda-amd-avgo_gpt2_nvda-amd-avgo,550,2.350802139037433,,2.419128179550171,,runs\2026-05-05_10-41-34_nvda-amd-avgo_gpt2_nvda-amd-avgo\models\gpt2-financial-narrative-clean\checkpoint-702\trainer_state.json
2026-05-05_10-41-34_nvda-amd-avgo_gpt2_nvda-amd-avgo,560,2.3935828877005347,2.2892269134521483,,1.0483870967741936e-05,runs\2026-05-05_10-41-34_nvda-amd-avgo_gpt2_nvda-amd-avgo\models\gpt2-financial-narrative-clean\checkpoint-702\trainer_state.json
2026-05-05_10-41-34_nvda-amd-avgo_gpt2_nvda-amd-avgo,570,2.4363636363636365,2.40921688079834,,9.750733137829913e-06,runs\2026-05-05_10-41-34_nvda-amd-avgo_gpt2_nvda-amd-avgo\models\gpt2-financial-narrative-clean\checkpoint-702\trainer_state.json
2026-05-05_10-41-34_nvda-amd-avgo_gpt2_nvda-amd-avgo,580,2.479144385026738,2.4701709747314453,,9.017595307917889e-06,runs\2026-05-05_10-41-34_nvda-amd-avgo_gpt2_nvda-amd-avgo\models\gpt2-financial-narrative-clean\checkpoint-702\trainer_state.json
2026-05-05_10-41-34_nvda-amd-avgo_gpt2_nvda-amd-avgo,590,2.5219251336898396,2.28784294128418,,8.284457478005865e-06,runs\2026-05-05_10-41-34_nvda-amd-avgo_gpt2_nvda-amd-avgo\models\gpt2-financial-narrative-clean\checkpoint-702\trainer_state.json
2026-05-05_10-41-34_nvda-amd-avgo_gpt2_nvda-amd-avgo,600,2.564705882352941,2.320984649658203,,7.551319648093842e-06,runs\2026-05-05_10-41-34_nvda-amd-avgo_gpt2_nvda-amd-avgo\models\gpt2-financial-narrative-clean\checkpoint-702\trainer_state.json
2026-05-05_10-41-34_nvda-amd-avgo_gpt2_nvda-amd-avgo,600,2.564705882352941,,2.410207986831665,,runs\2026-05-05_10-41-34_nvda-amd-avgo_gpt2_nvda-amd-avgo\models\gpt2-financial-narrative-clean\checkpoint-702\trainer_state.json
2026-05-05_10-41-34_nvda-amd-avgo_gpt2_nvda-amd-avgo,610,2.6074866310160427,2.3017805099487303,,6.818181818181818e-06,runs\2026-05-05_10-41-34_nvda-amd-avgo_gpt2_nvda-amd-avgo\models\gpt2-financial-narrative-clean\checkpoint-702\trainer_state.json
2026-05-05_10-41-34_nvda-amd-avgo_gpt2_nvda-amd-avgo,620,2.6502673796791445,2.2789161682128904,,6.085043988269795e-06,runs\2026-05-05_10-41-34_nvda-amd-avgo_gpt2_nvda-amd-avgo\models\gpt2-financial-narrative-clean\checkpoint-702\trainer_state.json
2026-05-05_10-41-34_nvda-amd-avgo_gpt2_nvda-amd-avgo,630,2.693048128342246,2.246261787414551,,5.3519061583577715e-06,runs\2026-05-05_10-41-34_nvda-amd-avgo_gpt2_nvda-amd-avgo\models\gpt2-financial-narrative-clean\checkpoint-702\trainer_state.json
2026-05-05_10-41-34_nvda-amd-avgo_gpt2_nvda-amd-avgo,640,2.7358288770053476,2.1029779434204103,,4.618768328445748e-06,runs\2026-05-05_10-41-34_nvda-amd-avgo_gpt2_nvda-amd-avgo\models\gpt2-financial-narrative-clean\checkpoint-702\trainer_state.json
2026-05-05_10-41-34_nvda-amd-avgo_gpt2_nvda-amd-avgo,650,2.778609625668449,2.2051937103271486,,3.885630498533725e-06,runs\2026-05-05_10-41-34_nvda-amd-avgo_gpt2_nvda-amd-avgo\models\gpt2-financial-narrative-clean\checkpoint-702\trainer_state.json
2026-05-05_10-41-34_nvda-amd-avgo_gpt2_nvda-amd-avgo,650,2.778609625668449,,2.4142212867736816,,runs\2026-05-05_10-41-34_nvda-amd-avgo_gpt2_nvda-amd-avgo\models\gpt2-financial-narrative-clean\checkpoint-702\trainer_state.json
2026-05-05_10-41-34_nvda-amd-avgo_gpt2_nvda-amd-avgo,660,2.8213903743315507,2.2807411193847655,,3.152492668621701e-06,runs\2026-05-05_10-41-34_nvda-amd-avgo_gpt2_nvda-amd-avgo\models\gpt2-financial-narrative-clean\checkpoint-702\trainer_state.json
2026-05-05_10-41-34_nvda-amd-avgo_gpt2_nvda-amd-avgo,670,2.8641711229946525,2.2236169815063476,,2.4193548387096776e-06,runs\2026-05-05_10-41-34_nvda-amd-avgo_gpt2_nvda-amd-avgo\models\gpt2-financial-narrative-clean\checkpoint-702\trainer_state.json
2026-05-05_10-41-34_nvda-amd-avgo_gpt2_nvda-amd-avgo,680,2.9069518716577543,2.242231559753418,,1.686217008797654e-06,runs\2026-05-05_10-41-34_nvda-amd-avgo_gpt2_nvda-amd-avgo\models\gpt2-financial-narrative-clean\checkpoint-702\trainer_state.json
2026-05-05_10-41-34_nvda-amd-avgo_gpt2_nvda-amd-avgo,690,2.9497326203208556,2.2062028884887694,,9.530791788856305e-07,runs\2026-05-05_10-41-34_nvda-amd-avgo_gpt2_nvda-amd-avgo\models\gpt2-financial-narrative-clean\checkpoint-702\trainer_state.json
2026-05-05_10-41-34_nvda-amd-avgo_gpt2_nvda-amd-avgo,700,2.9925133689839574,2.316303253173828,,2.1994134897360708e-07,runs\2026-05-05_10-41-34_nvda-amd-avgo_gpt2_nvda-amd-avgo\models\gpt2-financial-narrative-clean\checkpoint-702\trainer_state.json
2026-05-05_10-41-34_nvda-amd-avgo_gpt2_nvda-amd-avgo,700,2.9925133689839574,,2.410088300704956,,runs\2026-05-05_10-41-34_nvda-amd-avgo_gpt2_nvda-amd-avgo\models\gpt2-financial-narrative-clean\checkpoint-702\trainer_state.json
2026-05-05_10-41-34_nvda-amd-avgo_gpt2_nvda-amd-avgo,702,3.0,,2.4100613594055176,,runs\2026-05-05_10-41-34_nvda-amd-avgo_gpt2_nvda-amd-avgo\models\gpt2-financial-narrative-clean\checkpoint-702\trainer_state.json
2026-05-12_09-20-01_nvda-amd_gpt2_nvda-amd-label-scoring,10,0.052770448548812667,4.381504058837891,,2.25e-05,runs\2026-05-12_09-20-01_nvda-amd_gpt2_nvda-amd-label-scoring\models\gpt2-financial-narrative-clean\checkpoint-570\trainer_state.json
2026-05-12_09-20-01_nvda-amd_gpt2_nvda-amd-label-scoring,20,0.10554089709762533,3.618816375732422,,4.75e-05,runs\2026-05-12_09-20-01_nvda-amd_gpt2_nvda-amd-label-scoring\models\gpt2-financial-narrative-clean\checkpoint-570\trainer_state.json
2026-05-12_09-20-01_nvda-amd_gpt2_nvda-amd-label-scoring,30,0.158311345646438,3.3771316528320314,,4.9181818181818183e-05,runs\2026-05-12_09-20-01_nvda-amd_gpt2_nvda-amd-label-scoring\models\gpt2-financial-narrative-clean\checkpoint-570\trainer_state.json
2026-05-12_09-20-01_nvda-amd_gpt2_nvda-amd-label-scoring,40,0.21108179419525067,3.029979705810547,,4.827272727272727e-05,runs\2026-05-12_09-20-01_nvda-amd_gpt2_nvda-amd-label-scoring\models\gpt2-financial-narrative-clean\checkpoint-570\trainer_state.json
2026-05-12_09-20-01_nvda-amd_gpt2_nvda-amd-label-scoring,50,0.2638522427440633,2.9466873168945313,,4.736363636363637e-05,runs\2026-05-12_09-20-01_nvda-amd_gpt2_nvda-amd-label-scoring\models\gpt2-financial-narrative-clean\checkpoint-570\trainer_state.json
2026-05-12_09-20-01_nvda-amd_gpt2_nvda-amd-label-scoring,50,0.2638522427440633,,2.8209333419799805,,runs\2026-05-12_09-20-01_nvda-amd_gpt2_nvda-amd-label-scoring\models\gpt2-financial-narrative-clean\checkpoint-570\trainer_state.json
2026-05-12_09-20-01_nvda-amd_gpt2_nvda-amd-label-scoring,60,0.316622691292876,2.827594757080078,,4.6454545454545456e-05,runs\2026-05-12_09-20-01_nvda-amd_gpt2_nvda-amd-label-scoring\models\gpt2-financial-narrative-clean\checkpoint-570\trainer_state.json
2026-05-12_09-20-01_nvda-amd_gpt2_nvda-amd-label-scoring,70,0.36939313984168864,2.8303014755249025,,4.5545454545454544e-05,runs\2026-05-12_09-20-01_nvda-amd_gpt2_nvda-amd-label-scoring\models\gpt2-financial-narrative-clean\checkpoint-570\trainer_state.json
2026-05-12_09-20-01_nvda-amd_gpt2_nvda-amd-label-scoring,80,0.42216358839050133,2.8770778656005858,,4.463636363636364e-05,runs\2026-05-12_09-20-01_nvda-amd_gpt2_nvda-amd-label-scoring\models\gpt2-financial-narrative-clean\checkpoint-570\trainer_state.json
2026-05-12_09-20-01_nvda-amd_gpt2_nvda-amd-label-scoring,90,0.47493403693931396,2.9627294540405273,,4.372727272727273e-05,runs\2026-05-12_09-20-01_nvda-amd_gpt2_nvda-amd-label-scoring\models\gpt2-financial-narrative-clean\checkpoint-570\trainer_state.json
2026-05-12_09-20-01_nvda-amd_gpt2_nvda-amd-label-scoring,100,0.5277044854881267,2.767996597290039,,4.281818181818182e-05,runs\2026-05-12_09-20-01_nvda-amd_gpt2_nvda-amd-label-scoring\models\gpt2-financial-narrative-clean\checkpoint-570\trainer_state.json
2026-05-12_09-20-01_nvda-amd_gpt2_nvda-amd-label-scoring,100,0.5277044854881267,,2.6750409603118896,,runs\2026-05-12_09-20-01_nvda-amd_gpt2_nvda-amd-label-scoring\models\gpt2-financial-narrative-clean\checkpoint-570\trainer_state.json
2026-05-12_09-20-01_nvda-amd_gpt2_nvda-amd-label-scoring,110,0.5804749340369393,2.8465513229370116,,4.190909090909091e-05,runs\2026-05-12_09-20-01_nvda-amd_gpt2_nvda-amd-label-scoring\models\gpt2-financial-narrative-clean\checkpoint-570\trainer_state.json
2026-05-12_09-20-01_nvda-amd_gpt2_nvda-amd-label-scoring,120,0.633245382585752,2.635984992980957,,4.1e-05,runs\2026-05-12_09-20-01_nvda-amd_gpt2_nvda-amd-label-scoring\models\gpt2-financial-narrative-clean\checkpoint-570\trainer_state.json
2026-05-12_09-20-01_nvda-amd_gpt2_nvda-amd-label-scoring,130,0.6860158311345647,2.704255485534668,,4.009090909090909e-05,runs\2026-05-12_09-20-01_nvda-amd_gpt2_nvda-amd-label-scoring\models\gpt2-financial-narrative-clean\checkpoint-570\trainer_state.json
2026-05-12_09-20-01_nvda-amd_gpt2_nvda-amd-label-scoring,140,0.7387862796833773,2.7342706680297852,,3.9181818181818184e-05,runs\2026-05-12_09-20-01_nvda-amd_gpt2_nvda-amd-label-scoring\models\gpt2-financial-narrative-clean\checkpoint-570\trainer_state.json
2026-05-12_09-20-01_nvda-amd_gpt2_nvda-amd-label-scoring,150,0.7915567282321899,2.647163200378418,,3.827272727272728e-05,runs\2026-05-12_09-20-01_nvda-amd_gpt2_nvda-amd-label-scoring\models\gpt2-financial-narrative-clean\checkpoint-570\trainer_state.json
2026-05-12_09-20-01_nvda-amd_gpt2_nvda-amd-label-scoring,150,0.7915567282321899,,2.578691244125366,,runs\2026-05-12_09-20-01_nvda-amd_gpt2_nvda-amd-label-scoring\models\gpt2-financial-narrative-clean\checkpoint-570\trainer_state.json
2026-05-12_09-20-01_nvda-amd_gpt2_nvda-amd-label-scoring,160,0.8443271767810027,2.7624114990234374,,3.736363636363637e-05,runs\2026-05-12_09-20-01_nvda-amd_gpt2_nvda-amd-label-scoring\models\gpt2-financial-narrative-clean\checkpoint-570\trainer_state.json
2026-05-12_09-20-01_nvda-amd_gpt2_nvda-amd-label-scoring,170,0.8970976253298153,2.6055170059204102,,3.645454545454546e-05,runs\2026-05-12_09-20-01_nvda-amd_gpt2_nvda-amd-label-scoring\models\gpt2-financial-narrative-clean\checkpoint-570\trainer_state.json
2026-05-12_09-20-01_nvda-amd_gpt2_nvda-amd-label-scoring,180,0.9498680738786279,2.8040863037109376,,3.5545454545454545e-05,runs\2026-05-12_09-20-01_nvda-amd_gpt2_nvda-amd-label-scoring\models\gpt2-financial-narrative-clean\checkpoint-570\trainer_state.json
2026-05-12_09-20-01_nvda-amd_gpt2_nvda-amd-label-scoring,190,1.0,2.553565788269043,,3.463636363636364e-05,runs\2026-05-12_09-20-01_nvda-amd_gpt2_nvda-amd-label-scoring\models\gpt2-financial-narrative-clean\checkpoint-570\trainer_state.json
2026-05-12_09-20-01_nvda-amd_gpt2_nvda-amd-label-scoring,200,1.0527704485488127,2.4459260940551757,,3.372727272727273e-05,runs\2026-05-12_09-20-01_nvda-amd_gpt2_nvda-amd-label-scoring\models\gpt2-financial-narrative-clean\checkpoint-570\trainer_state.json
2026-05-12_09-20-01_nvda-amd_gpt2_nvda-amd-label-scoring,200,1.0527704485488127,,2.529181718826294,,runs\2026-05-12_09-20-01_nvda-amd_gpt2_nvda-amd-label-scoring\models\gpt2-financial-narrative-clean\checkpoint-570\trainer_state.json
2026-05-12_09-20-01_nvda-amd_gpt2_nvda-amd-label-scoring,210,1.1055408970976253,2.467926788330078,,3.281818181818182e-05,runs\2026-05-12_09-20-01_nvda-amd_gpt2_nvda-amd-label-scoring\models\gpt2-financial-narrative-clean\checkpoint-570\trainer_state.json
2026-05-12_09-20-01_nvda-amd_gpt2_nvda-amd-label-scoring,220,1.158311345646438,2.570612335205078,,3.190909090909091e-05,runs\2026-05-12_09-20-01_nvda-amd_gpt2_nvda-amd-label-scoring\models\gpt2-financial-narrative-clean\checkpoint-570\trainer_state.json
2026-05-12_09-20-01_nvda-amd_gpt2_nvda-amd-label-scoring,230,1.2110817941952507,2.474763870239258,,3.1e-05,runs\2026-05-12_09-20-01_nvda-amd_gpt2_nvda-amd-label-scoring\models\gpt2-financial-narrative-clean\checkpoint-570\trainer_state.json
2026-05-12_09-20-01_nvda-amd_gpt2_nvda-amd-label-scoring,240,1.2638522427440633,2.4276594161987304,,3.0090909090909093e-05,runs\2026-05-12_09-20-01_nvda-amd_gpt2_nvda-amd-label-scoring\models\gpt2-financial-narrative-clean\checkpoint-570\trainer_state.json
2026-05-12_09-20-01_nvda-amd_gpt2_nvda-amd-label-scoring,250,1.316622691292876,2.3421245574951173,,2.9181818181818182e-05,runs\2026-05-12_09-20-01_nvda-amd_gpt2_nvda-amd-label-scoring\models\gpt2-financial-narrative-clean\checkpoint-570\trainer_state.json
2026-05-12_09-20-01_nvda-amd_gpt2_nvda-amd-label-scoring,250,1.316622691292876,,2.500659227371216,,runs\2026-05-12_09-20-01_nvda-amd_gpt2_nvda-amd-label-scoring\models\gpt2-financial-narrative-clean\checkpoint-570\trainer_state.json
2026-05-12_09-20-01_nvda-amd_gpt2_nvda-amd-label-scoring,260,1.3693931398416885,2.312175750732422,,2.8272727272727274e-05,runs\2026-05-12_09-20-01_nvda-amd_gpt2_nvda-amd-label-scoring\models\gpt2-financial-narrative-clean\checkpoint-570\trainer_state.json
2026-05-12_09-20-01_nvda-amd_gpt2_nvda-amd-label-scoring,270,1.4221635883905013,2.4000438690185546,,2.7363636363636362e-05,runs\2026-05-12_09-20-01_nvda-amd_gpt2_nvda-amd-label-scoring\models\gpt2-financial-narrative-clean\checkpoint-570\trainer_state.json
2026-05-12_09-20-01_nvda-amd_gpt2_nvda-amd-label-scoring,280,1.474934036939314,2.4236530303955077,,2.6454545454545454e-05,runs\2026-05-12_09-20-01_nvda-amd_gpt2_nvda-amd-label-scoring\models\gpt2-financial-narrative-clean\checkpoint-570\trainer_state.json
2026-05-12_09-20-01_nvda-amd_gpt2_nvda-amd-label-scoring,290,1.5277044854881265,2.352448844909668,,2.5545454545454546e-05,runs\2026-05-12_09-20-01_nvda-amd_gpt2_nvda-amd-label-scoring\models\gpt2-financial-narrative-clean\checkpoint-570\trainer_state.json
2026-05-12_09-20-01_nvda-amd_gpt2_nvda-amd-label-scoring,300,1.5804749340369393,2.322663688659668,,2.4636363636363638e-05,runs\2026-05-12_09-20-01_nvda-amd_gpt2_nvda-amd-label-scoring\models\gpt2-financial-narrative-clean\checkpoint-570\trainer_state.json
2026-05-12_09-20-01_nvda-amd_gpt2_nvda-amd-label-scoring,300,1.5804749340369393,,2.489342212677002,,runs\2026-05-12_09-20-01_nvda-amd_gpt2_nvda-amd-label-scoring\models\gpt2-financial-narrative-clean\checkpoint-570\trainer_state.json
2026-05-12_09-20-01_nvda-amd_gpt2_nvda-amd-label-scoring,310,1.633245382585752,2.4020763397216798,,2.372727272727273e-05,runs\2026-05-12_09-20-01_nvda-amd_gpt2_nvda-amd-label-scoring\models\gpt2-financial-narrative-clean\checkpoint-570\trainer_state.json
2026-05-12_09-20-01_nvda-amd_gpt2_nvda-amd-label-scoring,320,1.6860158311345645,2.3333251953125,,2.281818181818182e-05,runs\2026-05-12_09-20-01_nvda-amd_gpt2_nvda-amd-label-scoring\models\gpt2-financial-narrative-clean\checkpoint-570\trainer_state.json
2026-05-12_09-20-01_nvda-amd_gpt2_nvda-amd-label-scoring,330,1.7387862796833773,2.3410682678222656,,2.190909090909091e-05,runs\2026-05-12_09-20-01_nvda-amd_gpt2_nvda-amd-label-scoring\models\gpt2-financial-narrative-clean\checkpoint-570\trainer_state.json
2026-05-12_09-20-01_nvda-amd_gpt2_nvda-amd-label-scoring,340,1.79155672823219,2.348055839538574,,2.1e-05,runs\2026-05-12_09-20-01_nvda-amd_gpt2_nvda-amd-label-scoring\models\gpt2-financial-narrative-clean\checkpoint-570\trainer_state.json
2026-05-12_09-20-01_nvda-amd_gpt2_nvda-amd-label-scoring,350,1.8443271767810026,2.2988685607910155,,2.009090909090909e-05,runs\2026-05-12_09-20-01_nvda-amd_gpt2_nvda-amd-label-scoring\models\gpt2-financial-narrative-clean\checkpoint-570\trainer_state.json
2026-05-12_09-20-01_nvda-amd_gpt2_nvda-amd-label-scoring,350,1.8443271767810026,,2.4547317028045654,,runs\2026-05-12_09-20-01_nvda-amd_gpt2_nvda-amd-label-scoring\models\gpt2-financial-narrative-clean\checkpoint-570\trainer_state.json
2026-05-12_09-20-01_nvda-amd_gpt2_nvda-amd-label-scoring,360,1.8970976253298153,2.325931930541992,,1.9181818181818183e-05,runs\2026-05-12_09-20-01_nvda-amd_gpt2_nvda-amd-label-scoring\models\gpt2-financial-narrative-clean\checkpoint-570\trainer_state.json
2026-05-12_09-20-01_nvda-amd_gpt2_nvda-amd-label-scoring,370,1.949868073878628,2.3970483779907226,,1.8272727272727275e-05,runs\2026-05-12_09-20-01_nvda-amd_gpt2_nvda-amd-label-scoring\models\gpt2-financial-narrative-clean\checkpoint-570\trainer_state.json
2026-05-12_09-20-01_nvda-amd_gpt2_nvda-amd-label-scoring,380,2.0,2.243221664428711,,1.7363636363636366e-05,runs\2026-05-12_09-20-01_nvda-amd_gpt2_nvda-amd-label-scoring\models\gpt2-financial-narrative-clean\checkpoint-570\trainer_state.json
2026-05-12_09-20-01_nvda-amd_gpt2_nvda-amd-label-scoring,390,2.0527704485488125,2.229083251953125,,1.6454545454545455e-05,runs\2026-05-12_09-20-01_nvda-amd_gpt2_nvda-amd-label-scoring\models\gpt2-financial-narrative-clean\checkpoint-570\trainer_state.json
2026-05-12_09-20-01_nvda-amd_gpt2_nvda-amd-label-scoring,400,2.1055408970976255,2.2048587799072266,,1.5545454545454547e-05,runs\2026-05-12_09-20-01_nvda-amd_gpt2_nvda-amd-label-scoring\models\gpt2-financial-narrative-clean\checkpoint-570\trainer_state.json
2026-05-12_09-20-01_nvda-amd_gpt2_nvda-amd-label-scoring,400,2.1055408970976255,,2.4483015537261963,,runs\2026-05-12_09-20-01_nvda-amd_gpt2_nvda-amd-label-scoring\models\gpt2-financial-narrative-clean\checkpoint-570\trainer_state.json
2026-05-12_09-20-01_nvda-amd_gpt2_nvda-amd-label-scoring,410,2.158311345646438,2.1566787719726563,,1.4636363636363637e-05,runs\2026-05-12_09-20-01_nvda-amd_gpt2_nvda-amd-label-scoring\models\gpt2-financial-narrative-clean\checkpoint-570\trainer_state.json
2026-05-12_09-20-01_nvda-amd_gpt2_nvda-amd-label-scoring,420,2.2110817941952505,2.2144197463989257,,1.3727272727272727e-05,runs\2026-05-12_09-20-01_nvda-amd_gpt2_nvda-amd-label-scoring\models\gpt2-financial-narrative-clean\checkpoint-570\trainer_state.json
2026-05-12_09-20-01_nvda-amd_gpt2_nvda-amd-label-scoring,430,2.2638522427440635,2.2146549224853516,,1.2818181818181818e-05,runs\2026-05-12_09-20-01_nvda-amd_gpt2_nvda-amd-label-scoring\models\gpt2-financial-narrative-clean\checkpoint-570\trainer_state.json
2026-05-12_09-20-01_nvda-amd_gpt2_nvda-amd-label-scoring,440,2.316622691292876,2.371058464050293,,1.190909090909091e-05,runs\2026-05-12_09-20-01_nvda-amd_gpt2_nvda-amd-label-scoring\models\gpt2-financial-narrative-clean\checkpoint-570\trainer_state.json
2026-05-12_09-20-01_nvda-amd_gpt2_nvda-amd-label-scoring,450,2.3693931398416885,2.1347173690795898,,1.1000000000000001e-05,runs\2026-05-12_09-20-01_nvda-amd_gpt2_nvda-amd-label-scoring\models\gpt2-financial-narrative-clean\checkpoint-570\trainer_state.json
2026-05-12_09-20-01_nvda-amd_gpt2_nvda-amd-label-scoring,450,2.3693931398416885,,2.442373275756836,,runs\2026-05-12_09-20-01_nvda-amd_gpt2_nvda-amd-label-scoring\models\gpt2-financial-narrative-clean\checkpoint-570\trainer_state.json
2026-05-12_09-20-01_nvda-amd_gpt2_nvda-amd-label-scoring,460,2.4221635883905015,2.2494785308837892,,1.0090909090909092e-05,runs\2026-05-12_09-20-01_nvda-amd_gpt2_nvda-amd-label-scoring\models\gpt2-financial-narrative-clean\checkpoint-570\trainer_state.json
2026-05-12_09-20-01_nvda-amd_gpt2_nvda-amd-label-scoring,470,2.474934036939314,2.149709701538086,,9.181818181818182e-06,runs\2026-05-12_09-20-01_nvda-amd_gpt2_nvda-amd-label-scoring\models\gpt2-financial-narrative-clean\checkpoint-570\trainer_state.json
2026-05-12_09-20-01_nvda-amd_gpt2_nvda-amd-label-scoring,480,2.5277044854881265,2.229630470275879,,8.272727272727274e-06,runs\2026-05-12_09-20-01_nvda-amd_gpt2_nvda-amd-label-scoring\models\gpt2-financial-narrative-clean\checkpoint-570\trainer_state.json
2026-05-12_09-20-01_nvda-amd_gpt2_nvda-amd-label-scoring,490,2.580474934036939,2.3061662673950196,,7.363636363636364e-06,runs\2026-05-12_09-20-01_nvda-amd_gpt2_nvda-amd-label-scoring\models\gpt2-financial-narrative-clean\checkpoint-570\trainer_state.json
2026-05-12_09-20-01_nvda-amd_gpt2_nvda-amd-label-scoring,500,2.633245382585752,2.2713573455810545,,6.454545454545455e-06,runs\2026-05-12_09-20-01_nvda-amd_gpt2_nvda-amd-label-scoring\models\gpt2-financial-narrative-clean\checkpoint-570\trainer_state.json
2026-05-12_09-20-01_nvda-amd_gpt2_nvda-amd-label-scoring,500,2.633245382585752,,2.437267541885376,,runs\2026-05-12_09-20-01_nvda-amd_gpt2_nvda-amd-label-scoring\models\gpt2-financial-narrative-clean\checkpoint-570\trainer_state.json
2026-05-12_09-20-01_nvda-amd_gpt2_nvda-amd-label-scoring,510,2.6860158311345645,2.20670166015625,,5.545454545454546e-06,runs\2026-05-12_09-20-01_nvda-amd_gpt2_nvda-amd-label-scoring\models\gpt2-financial-narrative-clean\checkpoint-570\trainer_state.json
2026-05-12_09-20-01_nvda-amd_gpt2_nvda-amd-label-scoring,520,2.738786279683377,2.2482648849487306,,4.636363636363636e-06,runs\2026-05-12_09-20-01_nvda-amd_gpt2_nvda-amd-label-scoring\models\gpt2-financial-narrative-clean\checkpoint-570\trainer_state.json
2026-05-12_09-20-01_nvda-amd_gpt2_nvda-amd-label-scoring,530,2.79155672823219,2.232465934753418,,3.727272727272727e-06,runs\2026-05-12_09-20-01_nvda-amd_gpt2_nvda-amd-label-scoring\models\gpt2-financial-narrative-clean\checkpoint-570\trainer_state.json
2026-05-12_09-20-01_nvda-amd_gpt2_nvda-amd-label-scoring,540,2.8443271767810026,2.11253662109375,,2.8181818181818185e-06,runs\2026-05-12_09-20-01_nvda-amd_gpt2_nvda-amd-label-scoring\models\gpt2-financial-narrative-clean\checkpoint-570\trainer_state.json
2026-05-12_09-20-01_nvda-amd_gpt2_nvda-amd-label-scoring,550,2.897097625329815,2.230710983276367,,1.9090909090909095e-06,runs\2026-05-12_09-20-01_nvda-amd_gpt2_nvda-amd-label-scoring\models\gpt2-financial-narrative-clean\checkpoint-570\trainer_state.json
2026-05-12_09-20-01_nvda-amd_gpt2_nvda-amd-label-scoring,550,2.897097625329815,,2.4299473762512207,,runs\2026-05-12_09-20-01_nvda-amd_gpt2_nvda-amd-label-scoring\models\gpt2-financial-narrative-clean\checkpoint-570\trainer_state.json
2026-05-12_09-20-01_nvda-amd_gpt2_nvda-amd-label-scoring,560,2.949868073878628,2.1343572616577147,,1.0000000000000002e-06,runs\2026-05-12_09-20-01_nvda-amd_gpt2_nvda-amd-label-scoring\models\gpt2-financial-narrative-clean\checkpoint-570\trainer_state.json
2026-05-12_09-20-01_nvda-amd_gpt2_nvda-amd-label-scoring,570,3.0,2.165864944458008,,9.090909090909091e-08,runs\2026-05-12_09-20-01_nvda-amd_gpt2_nvda-amd-label-scoring\models\gpt2-financial-narrative-clean\checkpoint-570\trainer_state.json
2026-05-12_09-20-01_nvda-amd_gpt2_nvda-amd-label-scoring,570,3.0,,2.4288432598114014,,runs\2026-05-12_09-20-01_nvda-amd_gpt2_nvda-amd-label-scoring\models\gpt2-financial-narrative-clean\checkpoint-570\trainer_state.json
gpt2-spy-20260430-150000,10,0.12987012987012986,3.3580821990966796,,2e-05,runs\gpt2-spy-20260430-150000\models\gpt2-financial-narrative\checkpoint-231\trainer_state.json
gpt2-spy-20260430-150000,20,0.2597402597402597,3.059174156188965,,4.5e-05,runs\gpt2-spy-20260430-150000\models\gpt2-financial-narrative\checkpoint-231\trainer_state.json
gpt2-spy-20260430-150000,30,0.38961038961038963,2.7934574127197265,,4.810426540284361e-05,runs\gpt2-spy-20260430-150000\models\gpt2-financial-narrative\checkpoint-231\trainer_state.json
gpt2-spy-20260430-150000,40,0.5194805194805194,2.8465810775756837,,4.573459715639811e-05,runs\gpt2-spy-20260430-150000\models\gpt2-financial-narrative\checkpoint-231\trainer_state.json
gpt2-spy-20260430-150000,50,0.6493506493506493,2.615081787109375,,4.3364928909952606e-05,runs\gpt2-spy-20260430-150000\models\gpt2-financial-narrative\checkpoint-231\trainer_state.json
gpt2-spy-20260430-150000,50,0.6493506493506493,,2.9855165481567383,,runs\gpt2-spy-20260430-150000\models\gpt2-financial-narrative\checkpoint-231\trainer_state.json
gpt2-spy-20260430-150000,60,0.7792207792207793,2.600860023498535,,4.099526066350711e-05,runs\gpt2-spy-20260430-150000\models\gpt2-financial-narrative\checkpoint-231\trainer_state.json
gpt2-spy-20260430-150000,70,0.9090909090909091,2.446408271789551,,3.862559241706161e-05,runs\gpt2-spy-20260430-150000\models\gpt2-financial-narrative\checkpoint-231\trainer_state.json
gpt2-spy-20260430-150000,80,1.0389610389610389,2.4449243545532227,,3.625592417061612e-05,runs\gpt2-spy-20260430-150000\models\gpt2-financial-narrative\checkpoint-231\trainer_state.json
gpt2-spy-20260430-150000,90,1.1688311688311688,2.3414825439453124,,3.3886255924170616e-05,runs\gpt2-spy-20260430-150000\models\gpt2-financial-narrative\checkpoint-231\trainer_state.json
gpt2-spy-20260430-150000,100,1.2987012987012987,2.2872055053710936,,3.1516587677725115e-05,runs\gpt2-spy-20260430-150000\models\gpt2-financial-narrative\checkpoint-231\trainer_state.json
gpt2-spy-20260430-150000,100,1.2987012987012987,,2.8420448303222656,,runs\gpt2-spy-20260430-150000\models\gpt2-financial-narrative\checkpoint-231\trainer_state.json
gpt2-spy-20260430-150000,110,1.4285714285714286,2.1840511322021485,,2.9146919431279624e-05,runs\gpt2-spy-20260430-150000\models\gpt2-financial-narrative\checkpoint-231\trainer_state.json
gpt2-spy-20260430-150000,120,1.5584415584415585,2.281439018249512,,2.6777251184834124e-05,runs\gpt2-spy-20260430-150000\models\gpt2-financial-narrative\checkpoint-231\trainer_state.json
gpt2-spy-20260430-150000,130,1.6883116883116882,2.1634328842163084,,2.4407582938388626e-05,runs\gpt2-spy-20260430-150000\models\gpt2-financial-narrative\checkpoint-231\trainer_state.json
gpt2-spy-20260430-150000,140,1.8181818181818183,2.0816471099853517,,2.203791469194313e-05,runs\gpt2-spy-20260430-150000\models\gpt2-financial-narrative\checkpoint-231\trainer_state.json
gpt2-spy-20260430-150000,150,1.948051948051948,2.0657764434814454,,1.966824644549763e-05,runs\gpt2-spy-20260430-150000\models\gpt2-financial-narrative\checkpoint-231\trainer_state.json
gpt2-spy-20260430-150000,150,1.948051948051948,,2.7438600063323975,,runs\gpt2-spy-20260430-150000\models\gpt2-financial-narrative\checkpoint-231\trainer_state.json
gpt2-spy-20260430-150000,160,2.0779220779220777,2.0170515060424803,,1.7298578199052133e-05,runs\gpt2-spy-20260430-150000\models\gpt2-financial-narrative\checkpoint-231\trainer_state.json
gpt2-spy-20260430-150000,170,2.207792207792208,2.2508577346801757,,1.4928909952606634e-05,runs\gpt2-spy-20260430-150000\models\gpt2-financial-narrative\checkpoint-231\trainer_state.json
gpt2-spy-20260430-150000,180,2.3376623376623376,1.9294485092163085,,1.2559241706161136e-05,runs\gpt2-spy-20260430-150000\models\gpt2-financial-narrative\checkpoint-231\trainer_state.json
gpt2-spy-20260430-150000,190,2.4675324675324677,2.00950927734375,,1.018957345971564e-05,runs\gpt2-spy-20260430-150000\models\gpt2-financial-narrative\checkpoint-231\trainer_state.json
gpt2-spy-20260430-150000,200,2.5974025974025974,2.1049293518066405,,7.819905213270143e-06,runs\gpt2-spy-20260430-150000\models\gpt2-financial-narrative\checkpoint-231\trainer_state.json
gpt2-spy-20260430-150000,200,2.5974025974025974,,2.727177858352661,,runs\gpt2-spy-20260430-150000\models\gpt2-financial-narrative\checkpoint-231\trainer_state.json
gpt2-spy-20260430-150000,210,2.7272727272727275,1.8910058975219726,,5.4502369668246446e-06,runs\gpt2-spy-20260430-150000\models\gpt2-financial-narrative\checkpoint-231\trainer_state.json
gpt2-spy-20260430-150000,220,2.857142857142857,1.980736541748047,,3.080568720379147e-06,runs\gpt2-spy-20260430-150000\models\gpt2-financial-narrative\checkpoint-231\trainer_state.json
gpt2-spy-20260430-150000,230,2.987012987012987,2.007749557495117,,7.109004739336493e-07,runs\gpt2-spy-20260430-150000\models\gpt2-financial-narrative\checkpoint-231\trainer_state.json
gpt2-spy-20260430-150000,231,3.0,,2.719048261642456,,runs\gpt2-spy-20260430-150000\models\gpt2-financial-narrative\checkpoint-231\trainer_state.json
